name,role,n,base_rate,code_bytes,region_entropy,ece_calibrated,ece_raw,s_glob_surprise,s_glob_nis,s_spat_moran,s_spat_clustered,mean_nis,frac_super
gcc_coreutils_64_O1_df,clean_fit,62880,0.271088,68860,6.1589,0.002017,0.008247,0.703101,436.563302,0.045419,0.014259,436.563302,0.016730
icc_coreutils_64_O0_truncate,clean_fit,31785,0.293000,35424,5.6731,0.002241,0.008019,0.893682,435.555662,0.033003,0.032432,435.555662,0.005820
gcc_coreutils_64_O1_sha384sum,clean_fit,33619,0.281954,36204,6.3329,0.001698,0.009320,0.653882,448.712290,0.037241,0.098921,448.712290,0.016538
icc_coreutils_64_O2_test,clean_fit,14447,0.281027,16060,6.2515,0.002905,0.022177,0.898596,542.866818,0.091362,0.023438,542.866818,0.017720
icc_coreutils_64_O2_env,clean_fit,14720,0.278533,16188,6.2378,0.004050,0.023886,0.831892,522.386452,0.090064,0.030864,522.386452,0.022011
gcc_coreutils_64_O3_md5sum,clean_fit,29368,0.268830,32012,6.3342,0.002163,0.017021,0.825423,489.471709,0.068915,0.013333,489.471709,0.022984
icc_coreutils_64_O3_chgrp,clean_fit,44159,0.269956,48492,6.2228,0.001591,0.013963,0.919327,537.977907,0.108436,0.041096,537.977907,0.019837
icc_coreutils_64_O1_sort,clean_fit,57074,0.275677,61548,6.2659,0.001333,0.008047,0.762148,489.010597,0.047739,0.021898,489.010597,0.019203
icc_coreutils_64_O0_pathchk,clean_fit,19330,0.297517,21376,5.7327,0.003558,0.012426,1.183089,538.250592,0.039337,0.000000,538.250592,0.003259
icc_coreutils_64_O0_setuidgid,clean_fit,21193,0.298164,23420,5.7269,0.002961,0.013241,0.915284,510.513218,0.042063,0.053061,510.513218,0.011560
gcc_coreutils_64_O3_nproc,clean_fit,24253,0.266441,26412,6.2403,0.002746,0.018544,0.764800,458.879220,0.074847,0.016981,458.879220,0.021853
icc_coreutils_64_O2_echo,clean_fit,11377,0.279160,12556,6.2161,0.003934,0.030854,0.726968,446.815781,0.116261,0.026432,446.815781,0.019953
icc_coreutils_64_O3_ls,clean_fit,81851,0.268732,90188,6.3491,0.002519,0.016579,0.822086,432.521515,0.091373,0.050725,432.521515,0.015174
icc_coreutils_64_O0_join,clean_fit,28667,0.295078,31564,5.7389,0.002146,0.009302,1.026354,471.458523,0.041626,0.000000,471.458523,0.002930
icc_coreutils_64_O1_paste,clean_fit,15668,0.274636,16956,6.1531,0.003463,0.017335,0.888519,493.973406,0.072422,0.019108,493.973406,0.020041
icc_coreutils_64_O0_mknod,clean_fit,21704,0.299438,23920,5.7581,0.002591,0.011710,0.835654,477.497614,0.035410,0.068000,477.497614,0.011519
icc_coreutils_64_O0_logname,clean_fit,17869,0.297387,19804,5.7277,0.002203,0.012233,0.900022,474.848091,0.035451,0.000000,474.848091,0.005372
icc_coreutils_64_O2_getlimits,clean_fit,29374,0.263703,32316,6.0894,0.001640,0.015400,0.811891,515.523672,0.096330,0.069024,515.523672,0.020222
icc_coreutils_64_O0_pwd,clean_fit,21195,0.298278,23592,5.7187,0.003150,0.011046,0.945358,501.744131,0.034576,0.057554,501.744131,0.006558
gcc_coreutils_64_O2_mktemp,clean_fit,20162,0.281867,22156,6.2620,0.002553,0.021313,0.841801,547.360913,0.089397,0.013636,547.360913,0.021823
gcc_coreutils_64_O2_dirname,clean_holdout,14582,0.278905,15980,6.2296,0.004197,0.025762,0.831818,519.788130,0.092581,0.018576,519.788130,0.022151
gcc_coreutils_64_O2_vdir,clean_holdout,61575,0.274803,67900,6.3131,0.002899,0.020137,0.802918,462.724702,0.089517,0.033871,462.724702,0.020138
icc_coreutils_64_O3_unexpand,clean_holdout,24698,0.263584,26828,6.2133,0.002728,0.016353,0.821270,461.539712,0.074631,0.017452,461.539712,0.023200
icc_coreutils_64_O0_pr,clean_holdout,41888,0.290656,46656,5.9018,0.001435,0.011680,1.129710,463.192235,0.043047,0.000000,463.192235,0.002459
icc_coreutils_64_O3_numfmt,clean_holdout,48776,0.266217,53932,6.2965,0.003099,0.017427,0.769711,412.320751,0.068813,0.047009,412.320751,0.014392
icc_coreutils_64_O0_sha224sum,clean_holdout,37285,0.321953,41084,5.8144,0.001357,0.005987,1.049603,409.625928,0.022099,0.000000,409.625928,0.002226
gcc_coreutils_64_O1_tee,clean_holdout,14873,0.277886,16140,6.1226,0.001753,0.019625,0.808504,481.439880,0.071312,0.010989,481.439880,0.018355
gcc_coreutils_64_O2_sort,clean_holdout,61001,0.275700,66684,6.3377,0.001190,0.014460,0.907563,512.284867,0.072051,0.017336,512.284867,0.020803
icc_coreutils_64_O0_stat,clean_holdout,61134,0.285962,69752,5.7698,0.002949,0.011046,0.837230,421.542576,0.052578,0.075227,421.542576,0.012612
icc_coreutils_64_O2_unlink,clean_holdout,14590,0.276971,15964,6.2138,0.003660,0.024761,0.853541,518.210474,0.100092,0.018634,518.210474,0.022070
gcc_coreutils_64_O2_runcon,clean_holdout,15837,0.279409,17468,6.2164,0.003283,0.022784,0.827709,542.582199,0.082734,0.018519,542.582199,0.020458
icc_coreutils_64_O2_chroot,clean_holdout,17356,0.280767,19116,6.2288,0.002304,0.023140,0.842129,534.289178,0.078895,0.016393,534.289178,0.021088
icc_coreutils_64_O1_sha384sum,clean_holdout,33619,0.281954,36204,6.3329,0.001698,0.009320,0.653882,448.712290,0.037241,0.098921,448.712290,0.016538
icc_coreutils_64_O1_shred,clean_holdout,26752,0.273512,28860,6.1435,0.001521,0.011650,0.770073,482.197870,0.049392,0.015086,482.197870,0.017344
icc_coreutils_64_O3_touch,clean_holdout,42929,0.261408,47004,6.2305,0.002065,0.017733,0.835192,493.611705,0.105302,0.049163,493.611705,0.022269
gcc_coreutils_64_O2_rm,clean_holdout,33482,0.279643,36860,6.2098,0.001213,0.017364,0.888382,542.843041,0.100347,0.019488,542.843041,0.024521
gcc_coreutils_64_O3_factor,clean_holdout,65718,0.266578,72220,6.2516,0.001367,0.011275,0.921780,496.723361,0.082419,0.049550,496.723361,0.016890
icc_coreutils_64_O2_pinky,clean_holdout,18056,0.280295,19852,6.2726,0.004331,0.023396,0.888496,584.625317,0.085190,0.042056,584.625317,0.023704
gcc_coreutils_64_O1_hostid,clean_holdout,13721,0.273814,14796,6.1174,0.004511,0.021141,0.823944,461.354223,0.081252,0.011407,461.354223,0.019168
gcc_coreutils_64_O1_dircolors,clean_holdout,16599,0.273872,17932,6.1283,0.003170,0.019350,0.929746,559.695152,0.090557,0.033708,559.695152,0.021447
icc_coreutils_64_O0_tr,clean_holdout,29638,0.296680,32540,5.7388,0.002117,0.009997,0.895014,458.764040,0.041453,0.072319,458.764040,0.013530
icc_coreutils_64_O3_vdir,clean_holdout,81851,0.268732,90188,6.3491,0.002519,0.016579,0.822086,432.521515,0.091373,0.050725,432.521515,0.015174
icc_coreutils_64_O0_users,clean_holdout,18951,0.298507,20988,5.7208,0.002837,0.011841,0.847557,502.781249,0.034680,0.057471,502.781249,0.018363
gcc_coreutils_64_O0_uname,clean_holdout,18430,0.297667,20380,5.7442,0.003012,0.011540,0.819452,514.256956,0.031010,0.094891,514.256956,0.014867
gcc_coreutils_64_O0_dircolors,clean_holdout,21566,0.295048,23788,5.7355,0.002444,0.010565,1.111467,470.476034,0.042113,0.000000,470.476034,0.002550
desync_coreutils_64_O0_tsort,desync,47788,0.291517,52114,6.0802,0.049663,0.054751,25.487752,818.354931,0.163438,0.222109,818.354931,0.061522
desync_coreutils_64_O0_comm,desync,54560,0.290029,59762,6.0923,0.052035,0.056417,25.998809,838.103024,0.168942,0.235841,838.103024,0.063105
desync_coreutils_64_O0_unlink,desync,37373,0.293153,40770,6.0974,0.049039,0.055246,21.975316,799.551281,0.157067,0.208769,799.551281,0.053702
desync_coreutils_64_O0_timeout,desync,49724,0.292635,54418,6.1113,0.048537,0.053476,23.711933,813.003966,0.166140,0.237500,813.003966,0.057920
desync_coreutils_64_O0_ptx,desync,75059,0.287147,81618,6.0949,0.051019,0.055862,24.910789,809.333187,0.162094,0.221317,809.333187,0.060499
desync_coreutils_64_O0_link,desync,37890,0.292425,41314,6.0917,0.047690,0.053140,22.329968,806.955662,0.163538,0.205240,806.955662,0.054394
desync_coreutils_64_O0_cut,desync,55767,0.290512,61058,6.0876,0.048953,0.053922,24.877915,807.719114,0.161112,0.212979,807.719114,0.060789
desync_coreutils_64_O0_base32,desync,54652,0.294372,59442,6.0982,0.051491,0.056598,26.664220,845.634832,0.167669,0.213815,845.634832,0.063840
desync_coreutils_64_O0_mv,desync,205035,0.287370,225970,6.1031,0.050116,0.052686,26.930269,813.353122,0.175503,0.229277,813.353122,0.066135
desync_coreutils_64_O0_mknod,desync,50219,0.293017,54946,6.0908,0.050839,0.056754,25.483524,806.494764,0.181840,0.237188,806.494764,0.060615
desync_coreutils_64_O0_dircolors,desync,50384,0.291739,54882,6.0832,0.050410,0.054989,24.218896,804.494653,0.157277,0.200336,804.494653,0.059146
desync_coreutils_64_O0_logname,desync,37038,0.293077,40418,6.1009,0.048236,0.054780,21.779730,790.707461,0.150725,0.195046,790.707461,0.052325
desync_coreutils_64_O0_runcon,desync,39491,0.292928,43106,6.0842,0.049575,0.056740,21.773308,798.792730,0.153666,0.184058,798.792730,0.052417
desync_coreutils_64_O0_factor,desync,176711,0.291063,194018,6.0285,0.049248,0.052077,25.534223,790.865166,0.169861,0.195404,790.865166,0.063539
desync_coreutils_64_O0_od,desync,184624,0.276253,203442,6.1068,0.047284,0.052338,21.000457,772.878749,0.166861,0.228787,772.878749,0.051705
desync_coreutils_64_O0_env,desync,55432,0.290266,60866,6.0875,0.049318,0.053551,24.416928,809.032222,0.159246,0.220066,809.032222,0.060416
desync_coreutils_64_O0_ln,desync,97707,0.290399,107522,6.0833,0.050563,0.054377,26.614371,820.911162,0.172137,0.221853,820.911162,0.064632
desync_coreutils_64_O0_nl,desync,50635,0.290629,55170,6.0968,0.052748,0.058843,23.419990,818.954684,0.155493,0.229993,818.954684,0.056759
desync_coreutils_64_O0_vdir,desync,209495,0.288250,229506,6.1209,0.047292,0.051926,23.313164,780.334386,0.166218,0.209391,780.334386,0.057333
desync_coreutils_64_O0_pr,desync,107648,0.288579,117730,6.1603,0.048599,0.054124,23.472451,789.285204,0.168534,0.218326,789.285204,0.057484
desync_coreutils_64_O0_nproc,desync,41554,0.293377,45218,6.1070,0.048091,0.054118,23.267563,828.016361,0.163414,0.206706,828.016361,0.056697
desync_coreutils_64_O0_sum,desync,70654,0.289255,77714,6.0676,0.048696,0.053383,23.286205,792.633919,0.159600,0.214679,792.633919,0.056501
desync_coreutils_64_O0_sync,desync,40209,0.293019,43938,6.1062,0.052098,0.057554,24.322264,837.837070,0.165798,0.220840,837.837070,0.057997
desync_coreutils_64_O0_join,desync,70157,0.291033,76738,6.0789,0.053757,0.058060,25.885341,831.274404,0.165407,0.211455,831.274404,0.062218
desync_coreutils_64_O0_wc,desync,78664,0.277459,85538,6.1313,0.056844,0.061078,24.784693,804.148596,0.165927,0.196767,804.148596,0.058985
desync_coreutils_64_O0_uniq,desync,54170,0.291028,59202,6.0822,0.049830,0.055992,24.274554,805.998666,0.166225,0.244795,805.998666,0.058519
desync_coreutils_64_O0_chroot,desync,55162,0.292466,60466,6.0886,0.051229,0.056714,25.034864,830.964829,0.164574,0.228859,830.964829,0.061310
desync_coreutils_64_O0_tail,desync,130672,0.284575,143794,6.1038,0.049130,0.052266,25.616429,817.165780,0.174519,0.211182,817.165780,0.063235
desync_coreutils_64_O0_numfmt,desync,79480,0.290388,87138,6.0982,0.049175,0.054781,24.046317,803.463129,0.160532,0.215401,803.463129,0.058820
desync_coreutils_64_O0_tac,desync,51903,0.289791,56946,6.0794,0.051590,0.056289,24.770482,850.792761,0.161372,0.239770,850.792761,0.060266
desync_coreutils_64_O0_split,desync,91902,0.288405,100962,6.0658,0.049499,0.053754,24.419578,817.473408,0.158737,0.210660,817.473408,0.059814
desync_coreutils_64_O0_nice,desync,41297,0.293484,45122,6.0915,0.050478,0.056638,23.498406,813.918976,0.154184,0.201623,813.918976,0.056687
desync_coreutils_64_O0_shuf,desync,90314,0.292092,99042,6.0611,0.047408,0.051460,24.601659,795.580362,0.164026,0.201320,795.580362,0.060389
desync_coreutils_64_O0_nohup,desync,44030,0.292414,48386,6.0754,0.048450,0.053887,23.605692,823.403780,0.164947,0.207937,823.403780,0.057234
desync_coreutils_64_O0_csplit,desync,71967,0.290397,78594,6.0849,0.051162,0.055828,25.439205,825.127443,0.157359,0.218687,825.127443,0.062015
desync_coreutils_64_O0_du,desync,168640,0.288443,184562,6.1087,0.049874,0.053619,25.312103,791.910260,0.170208,0.223940,791.910260,0.061379
desync_coreutils_64_O0_df,desync,230756,0.278008,254610,6.0892,0.047307,0.051244,22.467867,773.311808,0.170272,0.210016,773.311808,0.056332
desync_coreutils_64_O0_cp,desync,179308,0.285431,198082,6.0917,0.048721,0.051567,26.181091,802.445057,0.176093,0.239330,802.445057,0.064548
desync_coreutils_64_O0_expand,desync,46546,0.291303,50674,6.0843,0.051064,0.055640,24.676088,828.159408,0.169425,0.240721,828.159408,0.060779
desync_coreutils_64_O0_uname,desync,37931,0.293138,41394,6.1075,0.049135,0.055912,23.015125,818.908590,0.156639,0.211248,818.908590,0.055786
ls_packed,packed,45567,0.000000,52739,7.8887,0.365154,0.366740,1.317731,523.680382,0.141042,0.120178,523.680382,0.014791
