name,regime,sublabel,arm,pick,tau,n_gt,n_reach,n_pred,tp,fp,fn,n_window,win_pred
icc_coreutils_64_O0_mknod,benign,clean,stale,benign,0.50,113,60,60,60,0,53,0,0
icc_coreutils_64_O0_mknod,benign,clean,stale,benign,0.70,113,60,60,60,0,53,0,0
icc_coreutils_64_O0_mknod,benign,clean,stale,benign,0.90,113,60,60,60,0,53,0,0
icc_coreutils_64_O0_mknod,benign,clean,switch_rule,benign,0.50,113,60,60,60,0,53,0,0
icc_coreutils_64_O0_mknod,benign,clean,switch_rule,benign,0.70,113,60,60,60,0,53,0,0
icc_coreutils_64_O0_mknod,benign,clean,switch_rule,benign,0.90,113,60,60,60,0,53,0,0
icc_coreutils_64_O0_mknod,benign,clean,switch_guard,benign,0.50,113,60,60,60,0,53,0,0
icc_coreutils_64_O0_mknod,benign,clean,switch_guard,benign,0.70,113,60,60,60,0,53,0,0
icc_coreutils_64_O0_mknod,benign,clean,switch_guard,benign,0.90,113,60,60,60,0,53,0,0
icc_coreutils_64_O0_mknod,benign,clean,oracle,benign,0.50,113,60,60,60,0,53,0,0
icc_coreutils_64_O0_mknod,benign,clean,oracle,benign,0.70,113,60,60,60,0,53,0,0
icc_coreutils_64_O0_mknod,benign,clean,oracle,benign,0.90,113,60,60,60,0,53,0,0
icc_coreutils_64_O0_logname,benign,clean,stale,benign,0.50,103,49,49,49,0,54,0,0
icc_coreutils_64_O0_logname,benign,clean,stale,benign,0.70,103,49,49,49,0,54,0,0
icc_coreutils_64_O0_logname,benign,clean,stale,benign,0.90,103,49,49,49,0,54,0,0
icc_coreutils_64_O0_logname,benign,clean,switch_rule,benign,0.50,103,49,49,49,0,54,0,0
icc_coreutils_64_O0_logname,benign,clean,switch_rule,benign,0.70,103,49,49,49,0,54,0,0
icc_coreutils_64_O0_logname,benign,clean,switch_rule,benign,0.90,103,49,49,49,0,54,0,0
icc_coreutils_64_O0_logname,benign,clean,switch_guard,benign,0.50,103,49,49,49,0,54,0,0
icc_coreutils_64_O0_logname,benign,clean,switch_guard,benign,0.70,103,49,49,49,0,54,0,0
icc_coreutils_64_O0_logname,benign,clean,switch_guard,benign,0.90,103,49,49,49,0,54,0,0
icc_coreutils_64_O0_logname,benign,clean,oracle,benign,0.50,103,49,49,49,0,54,0,0
icc_coreutils_64_O0_logname,benign,clean,oracle,benign,0.70,103,49,49,49,0,54,0,0
icc_coreutils_64_O0_logname,benign,clean,oracle,benign,0.90,103,49,49,49,0,54,0,0
icc_coreutils_64_O2_getlimits,benign,clean,stale,benign,0.50,105,43,42,42,0,63,0,0
icc_coreutils_64_O2_getlimits,benign,clean,stale,benign,0.70,105,43,41,41,0,64,0,0
icc_coreutils_64_O2_getlimits,benign,clean,stale,benign,0.90,105,43,41,41,0,64,0,0
icc_coreutils_64_O2_getlimits,benign,clean,switch_rule,benign,0.50,105,43,42,42,0,63,0,0
icc_coreutils_64_O2_getlimits,benign,clean,switch_rule,benign,0.70,105,43,41,41,0,64,0,0
icc_coreutils_64_O2_getlimits,benign,clean,switch_rule,benign,0.90,105,43,41,41,0,64,0,0
icc_coreutils_64_O2_getlimits,benign,clean,switch_guard,benign,0.50,105,43,42,42,0,63,0,0
icc_coreutils_64_O2_getlimits,benign,clean,switch_guard,benign,0.70,105,43,41,41,0,64,0,0
icc_coreutils_64_O2_getlimits,benign,clean,switch_guard,benign,0.90,105,43,41,41,0,64,0,0
icc_coreutils_64_O2_getlimits,benign,clean,oracle,benign,0.50,105,43,42,42,0,63,0,0
icc_coreutils_64_O2_getlimits,benign,clean,oracle,benign,0.70,105,43,41,41,0,64,0,0
icc_coreutils_64_O2_getlimits,benign,clean,oracle,benign,0.90,105,43,41,41,0,64,0,0
icc_coreutils_64_O0_pwd,benign,clean,stale,benign,0.50,118,66,67,66,1,52,0,0
icc_coreutils_64_O0_pwd,benign,clean,stale,benign,0.70,118,66,67,66,1,52,0,0
icc_coreutils_64_O0_pwd,benign,clean,stale,benign,0.90,118,66,67,66,1,52,0,0
icc_coreutils_64_O0_pwd,benign,clean,switch_rule,benign,0.50,118,66,67,66,1,52,0,0
icc_coreutils_64_O0_pwd,benign,clean,switch_rule,benign,0.70,118,66,67,66,1,52,0,0
icc_coreutils_64_O0_pwd,benign,clean,switch_rule,benign,0.90,118,66,67,66,1,52,0,0
icc_coreutils_64_O0_pwd,benign,clean,switch_guard,benign,0.50,118,66,67,66,1,52,0,0
icc_coreutils_64_O0_pwd,benign,clean,switch_guard,benign,0.70,118,66,67,66,1,52,0,0
icc_coreutils_64_O0_pwd,benign,clean,switch_guard,benign,0.90,118,66,67,66,1,52,0,0
icc_coreutils_64_O0_pwd,benign,clean,oracle,benign,0.50,118,66,67,66,1,52,0,0
icc_coreutils_64_O0_pwd,benign,clean,oracle,benign,0.70,118,66,67,66,1,52,0,0
icc_coreutils_64_O0_pwd,benign,clean,oracle,benign,0.90,118,66,67,66,1,52,0,0
gcc_coreutils_64_O2_mktemp,benign,clean,stale,benign,0.50,107,49,49,49,0,58,0,0
gcc_coreutils_64_O2_mktemp,benign,clean,stale,benign,0.70,107,49,48,48,0,59,0,0
gcc_coreutils_64_O2_mktemp,benign,clean,stale,benign,0.90,107,49,48,48,0,59,0,0
gcc_coreutils_64_O2_mktemp,benign,clean,switch_rule,benign,0.50,107,49,49,49,0,58,0,0
gcc_coreutils_64_O2_mktemp,benign,clean,switch_rule,benign,0.70,107,49,48,48,0,59,0,0
gcc_coreutils_64_O2_mktemp,benign,clean,switch_rule,benign,0.90,107,49,48,48,0,59,0,0
gcc_coreutils_64_O2_mktemp,benign,clean,switch_guard,benign,0.50,107,49,49,49,0,58,0,0
gcc_coreutils_64_O2_mktemp,benign,clean,switch_guard,benign,0.70,107,49,48,48,0,59,0,0
gcc_coreutils_64_O2_mktemp,benign,clean,switch_guard,benign,0.90,107,49,48,48,0,59,0,0
gcc_coreutils_64_O2_mktemp,benign,clean,oracle,benign,0.50,107,49,49,49,0,58,0,0
gcc_coreutils_64_O2_mktemp,benign,clean,oracle,benign,0.70,107,49,48,48,0,59,0,0
gcc_coreutils_64_O2_mktemp,benign,clean,oracle,benign,0.90,107,49,48,48,0,59,0,0
gcc_coreutils_64_O2_dirname,benign,clean,stale,benign,0.50,85,30,30,30,0,55,0,0
gcc_coreutils_64_O2_dirname,benign,clean,stale,benign,0.70,85,30,29,29,0,56,0,0
gcc_coreutils_64_O2_dirname,benign,clean,stale,benign,0.90,85,30,29,29,0,56,0,0
gcc_coreutils_64_O2_dirname,benign,clean,switch_rule,benign,0.50,85,30,30,30,0,55,0,0
gcc_coreutils_64_O2_dirname,benign,clean,switch_rule,benign,0.70,85,30,29,29,0,56,0,0
gcc_coreutils_64_O2_dirname,benign,clean,switch_rule,benign,0.90,85,30,29,29,0,56,0,0
gcc_coreutils_64_O2_dirname,benign,clean,switch_guard,benign,0.50,85,30,30,30,0,55,0,0
gcc_coreutils_64_O2_dirname,benign,clean,switch_guard,benign,0.70,85,30,29,29,0,56,0,0
gcc_coreutils_64_O2_dirname,benign,clean,switch_guard,benign,0.90,85,30,29,29,0,56,0,0
gcc_coreutils_64_O2_dirname,benign,clean,oracle,benign,0.50,85,30,30,30,0,55,0,0
gcc_coreutils_64_O2_dirname,benign,clean,oracle,benign,0.70,85,30,29,29,0,56,0,0
gcc_coreutils_64_O2_dirname,benign,clean,oracle,benign,0.90,85,30,29,29,0,56,0,0
gcc_coreutils_64_O2_vdir,benign,clean,stale,benign,0.50,244,117,117,117,0,127,0,0
gcc_coreutils_64_O2_vdir,benign,clean,stale,benign,0.70,244,117,117,117,0,127,0,0
gcc_coreutils_64_O2_vdir,benign,clean,stale,benign,0.90,244,117,117,117,0,127,0,0
gcc_coreutils_64_O2_vdir,benign,clean,switch_rule,benign,0.50,244,117,117,117,0,127,0,0
gcc_coreutils_64_O2_vdir,benign,clean,switch_rule,benign,0.70,244,117,117,117,0,127,0,0
gcc_coreutils_64_O2_vdir,benign,clean,switch_rule,benign,0.90,244,117,117,117,0,127,0,0
gcc_coreutils_64_O2_vdir,benign,clean,switch_guard,benign,0.50,244,117,117,117,0,127,0,0
gcc_coreutils_64_O2_vdir,benign,clean,switch_guard,benign,0.70,244,117,117,117,0,127,0,0
gcc_coreutils_64_O2_vdir,benign,clean,switch_guard,benign,0.90,244,117,117,117,0,127,0,0
gcc_coreutils_64_O2_vdir,benign,clean,oracle,benign,0.50,244,117,117,117,0,127,0,0
gcc_coreutils_64_O2_vdir,benign,clean,oracle,benign,0.70,244,117,117,117,0,127,0,0
gcc_coreutils_64_O2_vdir,benign,clean,oracle,benign,0.90,244,117,117,117,0,127,0,0
icc_coreutils_64_O3_unexpand,benign,clean,stale,benign,0.50,87,31,31,31,0,56,0,0
icc_coreutils_64_O3_unexpand,benign,clean,stale,benign,0.70,87,31,30,30,0,57,0,0
icc_coreutils_64_O3_unexpand,benign,clean,stale,benign,0.90,87,31,30,30,0,57,0,0
icc_coreutils_64_O3_unexpand,benign,clean,switch_rule,benign,0.50,87,31,31,31,0,56,0,0
icc_coreutils_64_O3_unexpand,benign,clean,switch_rule,benign,0.70,87,31,30,30,0,57,0,0
icc_coreutils_64_O3_unexpand,benign,clean,switch_rule,benign,0.90,87,31,30,30,0,57,0,0
icc_coreutils_64_O3_unexpand,benign,clean,switch_guard,benign,0.50,87,31,31,31,0,56,0,0
icc_coreutils_64_O3_unexpand,benign,clean,switch_guard,benign,0.70,87,31,30,30,0,57,0,0
icc_coreutils_64_O3_unexpand,benign,clean,switch_guard,benign,0.90,87,31,30,30,0,57,0,0
icc_coreutils_64_O3_unexpand,benign,clean,oracle,benign,0.50,87,31,31,31,0,56,0,0
icc_coreutils_64_O3_unexpand,benign,clean,oracle,benign,0.70,87,31,30,30,0,57,0,0
icc_coreutils_64_O3_unexpand,benign,clean,oracle,benign,0.90,87,31,30,30,0,57,0,0
icc_coreutils_64_O0_pr,benign,clean,stale,benign,0.50,172,112,112,112,0,60,0,0
icc_coreutils_64_O0_pr,benign,clean,stale,benign,0.70,172,112,112,112,0,60,0,0
icc_coreutils_64_O0_pr,benign,clean,stale,benign,0.90,172,112,112,112,0,60,0,0
icc_coreutils_64_O0_pr,benign,clean,switch_rule,benign,0.50,172,112,112,112,0,60,0,0
icc_coreutils_64_O0_pr,benign,clean,switch_rule,benign,0.70,172,112,112,112,0,60,0,0
icc_coreutils_64_O0_pr,benign,clean,switch_rule,benign,0.90,172,112,112,112,0,60,0,0
icc_coreutils_64_O0_pr,benign,clean,switch_guard,benign,0.50,172,112,112,112,0,60,0,0
icc_coreutils_64_O0_pr,benign,clean,switch_guard,benign,0.70,172,112,112,112,0,60,0,0
icc_coreutils_64_O0_pr,benign,clean,switch_guard,benign,0.90,172,112,112,112,0,60,0,0
icc_coreutils_64_O0_pr,benign,clean,oracle,benign,0.50,172,112,112,112,0,60,0,0
icc_coreutils_64_O0_pr,benign,clean,oracle,benign,0.70,172,112,112,112,0,60,0,0
icc_coreutils_64_O0_pr,benign,clean,oracle,benign,0.90,172,112,112,112,0,60,0,0
icc_coreutils_64_O3_numfmt,benign,clean,stale,benign,0.50,102,44,44,44,0,58,0,0
icc_coreutils_64_O3_numfmt,benign,clean,stale,benign,0.70,102,44,43,43,0,59,0,0
icc_coreutils_64_O3_numfmt,benign,clean,stale,benign,0.90,102,44,43,43,0,59,0,0
icc_coreutils_64_O3_numfmt,benign,clean,switch_rule,benign,0.50,102,44,44,44,0,58,0,0
icc_coreutils_64_O3_numfmt,benign,clean,switch_rule,benign,0.70,102,44,43,43,0,59,0,0
icc_coreutils_64_O3_numfmt,benign,clean,switch_rule,benign,0.90,102,44,43,43,0,59,0,0
icc_coreutils_64_O3_numfmt,benign,clean,switch_guard,benign,0.50,102,44,44,44,0,58,0,0
icc_coreutils_64_O3_numfmt,benign,clean,switch_guard,benign,0.70,102,44,43,43,0,59,0,0
icc_coreutils_64_O3_numfmt,benign,clean,switch_guard,benign,0.90,102,44,43,43,0,59,0,0
icc_coreutils_64_O3_numfmt,benign,clean,oracle,benign,0.50,102,44,44,44,0,58,0,0
icc_coreutils_64_O3_numfmt,benign,clean,oracle,benign,0.70,102,44,43,43,0,59,0,0
icc_coreutils_64_O3_numfmt,benign,clean,oracle,benign,0.90,102,44,43,43,0,59,0,0
icc_coreutils_64_O0_sha224sum,benign,clean,stale,benign,0.50,131,74,74,74,0,57,0,0
icc_coreutils_64_O0_sha224sum,benign,clean,stale,benign,0.70,131,74,74,74,0,57,0,0
icc_coreutils_64_O0_sha224sum,benign,clean,stale,benign,0.90,131,74,74,74,0,57,0,0
icc_coreutils_64_O0_sha224sum,benign,clean,switch_rule,benign,0.50,131,74,74,74,0,57,0,0
icc_coreutils_64_O0_sha224sum,benign,clean,switch_rule,benign,0.70,131,74,74,74,0,57,0,0
icc_coreutils_64_O0_sha224sum,benign,clean,switch_rule,benign,0.90,131,74,74,74,0,57,0,0
icc_coreutils_64_O0_sha224sum,benign,clean,switch_guard,benign,0.50,131,74,74,74,0,57,0,0
icc_coreutils_64_O0_sha224sum,benign,clean,switch_guard,benign,0.70,131,74,74,74,0,57,0,0
icc_coreutils_64_O0_sha224sum,benign,clean,switch_guard,benign,0.90,131,74,74,74,0,57,0,0
icc_coreutils_64_O0_sha224sum,benign,clean,oracle,benign,0.50,131,74,74,74,0,57,0,0
icc_coreutils_64_O0_sha224sum,benign,clean,oracle,benign,0.70,131,74,74,74,0,57,0,0
icc_coreutils_64_O0_sha224sum,benign,clean,oracle,benign,0.90,131,74,74,74,0,57,0,0
gcc_coreutils_64_O1_tee,benign,clean,stale,benign,0.50,87,45,45,45,0,42,0,0
gcc_coreutils_64_O1_tee,benign,clean,stale,benign,0.70,87,45,45,45,0,42,0,0
gcc_coreutils_64_O1_tee,benign,clean,stale,benign,0.90,87,45,42,42,0,45,0,0
gcc_coreutils_64_O1_tee,benign,clean,switch_rule,benign,0.50,87,45,45,45,0,42,0,0
gcc_coreutils_64_O1_tee,benign,clean,switch_rule,benign,0.70,87,45,45,45,0,42,0,0
gcc_coreutils_64_O1_tee,benign,clean,switch_rule,benign,0.90,87,45,42,42,0,45,0,0
gcc_coreutils_64_O1_tee,benign,clean,switch_guard,benign,0.50,87,45,45,45,0,42,0,0
gcc_coreutils_64_O1_tee,benign,clean,switch_guard,benign,0.70,87,45,45,45,0,42,0,0
gcc_coreutils_64_O1_tee,benign,clean,switch_guard,benign,0.90,87,45,42,42,0,45,0,0
gcc_coreutils_64_O1_tee,benign,clean,oracle,benign,0.50,87,45,45,45,0,42,0,0
gcc_coreutils_64_O1_tee,benign,clean,oracle,benign,0.70,87,45,45,45,0,42,0,0
gcc_coreutils_64_O1_tee,benign,clean,oracle,benign,0.90,87,45,42,42,0,45,0,0
gcc_coreutils_64_O2_sort,benign,clean,stale,benign,0.50,225,138,138,138,0,87,0,0
gcc_coreutils_64_O2_sort,benign,clean,stale,benign,0.70,225,138,137,137,0,88,0,0
gcc_coreutils_64_O2_sort,benign,clean,stale,benign,0.90,225,138,137,137,0,88,0,0
gcc_coreutils_64_O2_sort,benign,clean,switch_rule,benign,0.50,225,138,138,138,0,87,0,0
gcc_coreutils_64_O2_sort,benign,clean,switch_rule,benign,0.70,225,138,137,137,0,88,0,0
gcc_coreutils_64_O2_sort,benign,clean,switch_rule,benign,0.90,225,138,137,137,0,88,0,0
gcc_coreutils_64_O2_sort,benign,clean,switch_guard,benign,0.50,225,138,138,138,0,87,0,0
gcc_coreutils_64_O2_sort,benign,clean,switch_guard,benign,0.70,225,138,137,137,0,88,0,0
gcc_coreutils_64_O2_sort,benign,clean,switch_guard,benign,0.90,225,138,137,137,0,88,0,0
gcc_coreutils_64_O2_sort,benign,clean,oracle,benign,0.50,225,138,138,138,0,87,0,0
gcc_coreutils_64_O2_sort,benign,clean,oracle,benign,0.70,225,138,137,137,0,88,0,0
gcc_coreutils_64_O2_sort,benign,clean,oracle,benign,0.90,225,138,137,137,0,88,0,0
icc_coreutils_64_O0_stat,benign,clean,stale,benign,0.50,191,130,133,130,3,61,0,0
icc_coreutils_64_O0_stat,benign,clean,stale,benign,0.70,191,130,132,130,2,61,0,0
icc_coreutils_64_O0_stat,benign,clean,stale,benign,0.90,191,130,131,130,1,61,0,0
icc_coreutils_64_O0_stat,benign,clean,switch_rule,benign,0.50,191,130,133,130,3,61,0,0
icc_coreutils_64_O0_stat,benign,clean,switch_rule,benign,0.70,191,130,132,130,2,61,0,0
icc_coreutils_64_O0_stat,benign,clean,switch_rule,benign,0.90,191,130,131,130,1,61,0,0
icc_coreutils_64_O0_stat,benign,clean,switch_guard,benign,0.50,191,130,133,130,3,61,0,0
icc_coreutils_64_O0_stat,benign,clean,switch_guard,benign,0.70,191,130,132,130,2,61,0,0
icc_coreutils_64_O0_stat,benign,clean,switch_guard,benign,0.90,191,130,131,130,1,61,0,0
icc_coreutils_64_O0_stat,benign,clean,oracle,benign,0.50,191,130,133,130,3,61,0,0
icc_coreutils_64_O0_stat,benign,clean,oracle,benign,0.70,191,130,132,130,2,61,0,0
icc_coreutils_64_O0_stat,benign,clean,oracle,benign,0.90,191,130,131,130,1,61,0,0
icc_coreutils_64_O2_unlink,benign,clean,stale,benign,0.50,84,30,30,30,0,54,0,0
icc_coreutils_64_O2_unlink,benign,clean,stale,benign,0.70,84,30,29,29,0,55,0,0
icc_coreutils_64_O2_unlink,benign,clean,stale,benign,0.90,84,30,29,29,0,55,0,0
icc_coreutils_64_O2_unlink,benign,clean,switch_rule,benign,0.50,84,30,30,30,0,54,0,0
icc_coreutils_64_O2_unlink,benign,clean,switch_rule,benign,0.70,84,30,29,29,0,55,0,0
icc_coreutils_64_O2_unlink,benign,clean,switch_rule,benign,0.90,84,30,29,29,0,55,0,0
icc_coreutils_64_O2_unlink,benign,clean,switch_guard,benign,0.50,84,30,30,30,0,54,0,0
icc_coreutils_64_O2_unlink,benign,clean,switch_guard,benign,0.70,84,30,29,29,0,55,0,0
icc_coreutils_64_O2_unlink,benign,clean,switch_guard,benign,0.90,84,30,29,29,0,55,0,0
icc_coreutils_64_O2_unlink,benign,clean,oracle,benign,0.50,84,30,30,30,0,54,0,0
icc_coreutils_64_O2_unlink,benign,clean,oracle,benign,0.70,84,30,29,29,0,55,0,0
icc_coreutils_64_O2_unlink,benign,clean,oracle,benign,0.90,84,30,29,29,0,55,0,0
gcc_coreutils_64_O2_runcon,benign,clean,stale,benign,0.50,87,31,31,31,0,56,0,0
gcc_coreutils_64_O2_runcon,benign,clean,stale,benign,0.70,87,31,31,31,0,56,0,0
gcc_coreutils_64_O2_runcon,benign,clean,stale,benign,0.90,87,31,30,30,0,57,0,0
gcc_coreutils_64_O2_runcon,benign,clean,switch_rule,benign,0.50,87,31,31,31,0,56,0,0
gcc_coreutils_64_O2_runcon,benign,clean,switch_rule,benign,0.70,87,31,31,31,0,56,0,0
gcc_coreutils_64_O2_runcon,benign,clean,switch_rule,benign,0.90,87,31,30,30,0,57,0,0
gcc_coreutils_64_O2_runcon,benign,clean,switch_guard,benign,0.50,87,31,31,31,0,56,0,0
gcc_coreutils_64_O2_runcon,benign,clean,switch_guard,benign,0.70,87,31,31,31,0,56,0,0
gcc_coreutils_64_O2_runcon,benign,clean,switch_guard,benign,0.90,87,31,30,30,0,57,0,0
gcc_coreutils_64_O2_runcon,benign,clean,oracle,benign,0.50,87,31,31,31,0,56,0,0
gcc_coreutils_64_O2_runcon,benign,clean,oracle,benign,0.70,87,31,31,31,0,56,0,0
gcc_coreutils_64_O2_runcon,benign,clean,oracle,benign,0.90,87,31,30,30,0,57,0,0
icc_coreutils_64_O2_chroot,benign,clean,stale,benign,0.50,88,36,36,36,0,52,0,0
icc_coreutils_64_O2_chroot,benign,clean,stale,benign,0.70,88,36,35,35,0,53,0,0
icc_coreutils_64_O2_chroot,benign,clean,stale,benign,0.90,88,36,35,35,0,53,0,0
icc_coreutils_64_O2_chroot,benign,clean,switch_rule,benign,0.50,88,36,36,36,0,52,0,0
icc_coreutils_64_O2_chroot,benign,clean,switch_rule,benign,0.70,88,36,35,35,0,53,0,0
icc_coreutils_64_O2_chroot,benign,clean,switch_rule,benign,0.90,88,36,35,35,0,53,0,0
icc_coreutils_64_O2_chroot,benign,clean,switch_guard,benign,0.50,88,36,36,36,0,52,0,0
icc_coreutils_64_O2_chroot,benign,clean,switch_guard,benign,0.70,88,36,35,35,0,53,0,0
icc_coreutils_64_O2_chroot,benign,clean,switch_guard,benign,0.90,88,36,35,35,0,53,0,0
icc_coreutils_64_O2_chroot,benign,clean,oracle,benign,0.50,88,36,36,36,0,52,0,0
icc_coreutils_64_O2_chroot,benign,clean,oracle,benign,0.70,88,36,35,35,0,53,0,0
icc_coreutils_64_O2_chroot,benign,clean,oracle,benign,0.90,88,36,35,35,0,53,0,0
icc_coreutils_64_O1_sha384sum,benign,clean,stale,benign,0.50,103,58,58,58,0,45,0,0
icc_coreutils_64_O1_sha384sum,benign,clean,stale,benign,0.70,103,58,58,58,0,45,0,0
icc_coreutils_64_O1_sha384sum,benign,clean,stale,benign,0.90,103,58,55,55,0,48,0,0
icc_coreutils_64_O1_sha384sum,benign,clean,switch_rule,benign,0.50,103,58,58,58,0,45,0,0
icc_coreutils_64_O1_sha384sum,benign,clean,switch_rule,benign,0.70,103,58,58,58,0,45,0,0
icc_coreutils_64_O1_sha384sum,benign,clean,switch_rule,benign,0.90,103,58,55,55,0,48,0,0
icc_coreutils_64_O1_sha384sum,benign,clean,switch_guard,benign,0.50,103,58,58,58,0,45,0,0
icc_coreutils_64_O1_sha384sum,benign,clean,switch_guard,benign,0.70,103,58,58,58,0,45,0,0
icc_coreutils_64_O1_sha384sum,benign,clean,switch_guard,benign,0.90,103,58,55,55,0,48,0,0
icc_coreutils_64_O1_sha384sum,benign,clean,oracle,benign,0.50,103,58,58,58,0,45,0,0
icc_coreutils_64_O1_sha384sum,benign,clean,oracle,benign,0.70,103,58,58,58,0,45,0,0
icc_coreutils_64_O1_sha384sum,benign,clean,oracle,benign,0.90,103,58,55,55,0,48,0,0
icc_coreutils_64_O1_shred,benign,clean,stale,benign,0.50,125,78,78,78,0,47,0,0
icc_coreutils_64_O1_shred,benign,clean,stale,benign,0.70,125,78,78,78,0,47,0,0
icc_coreutils_64_O1_shred,benign,clean,stale,benign,0.90,125,78,75,75,0,50,0,0
icc_coreutils_64_O1_shred,benign,clean,switch_rule,benign,0.50,125,78,78,78,0,47,0,0
icc_coreutils_64_O1_shred,benign,clean,switch_rule,benign,0.70,125,78,78,78,0,47,0,0
icc_coreutils_64_O1_shred,benign,clean,switch_rule,benign,0.90,125,78,75,75,0,50,0,0
icc_coreutils_64_O1_shred,benign,clean,switch_guard,benign,0.50,125,78,78,78,0,47,0,0
icc_coreutils_64_O1_shred,benign,clean,switch_guard,benign,0.70,125,78,78,78,0,47,0,0
icc_coreutils_64_O1_shred,benign,clean,switch_guard,benign,0.90,125,78,75,75,0,50,0,0
icc_coreutils_64_O1_shred,benign,clean,oracle,benign,0.50,125,78,78,78,0,47,0,0
icc_coreutils_64_O1_shred,benign,clean,oracle,benign,0.70,125,78,78,78,0,47,0,0
icc_coreutils_64_O1_shred,benign,clean,oracle,benign,0.90,125,78,75,75,0,50,0,0
icc_coreutils_64_O3_touch,benign,clean,stale,benign,0.50,118,58,58,58,0,60,0,0
icc_coreutils_64_O3_touch,benign,clean,stale,benign,0.70,118,58,58,58,0,60,0,0
icc_coreutils_64_O3_touch,benign,clean,stale,benign,0.90,118,58,58,58,0,60,0,0
icc_coreutils_64_O3_touch,benign,clean,switch_rule,benign,0.50,118,58,58,58,0,60,0,0
icc_coreutils_64_O3_touch,benign,clean,switch_rule,benign,0.70,118,58,58,58,0,60,0,0
icc_coreutils_64_O3_touch,benign,clean,switch_rule,benign,0.90,118,58,58,58,0,60,0,0
icc_coreutils_64_O3_touch,benign,clean,switch_guard,benign,0.50,118,58,58,58,0,60,0,0
icc_coreutils_64_O3_touch,benign,clean,switch_guard,benign,0.70,118,58,58,58,0,60,0,0
icc_coreutils_64_O3_touch,benign,clean,switch_guard,benign,0.90,118,58,58,58,0,60,0,0
icc_coreutils_64_O3_touch,benign,clean,oracle,benign,0.50,118,58,58,58,0,60,0,0
icc_coreutils_64_O3_touch,benign,clean,oracle,benign,0.70,118,58,58,58,0,60,0,0
icc_coreutils_64_O3_touch,benign,clean,oracle,benign,0.90,118,58,58,58,0,60,0,0
desync_coreutils_64_O0_logname,obfuscated,pilot,stale,benign,0.50,114,60,59,59,0,55,0,0
desync_coreutils_64_O0_logname,obfuscated,pilot,stale,benign,0.70,114,60,58,58,0,56,0,0
desync_coreutils_64_O0_logname,obfuscated,pilot,stale,benign,0.90,114,60,56,56,0,58,0,0
desync_coreutils_64_O0_logname,obfuscated,pilot,switch_rule,obfuscated,0.50,114,60,57,57,0,57,0,0
desync_coreutils_64_O0_logname,obfuscated,pilot,switch_rule,obfuscated,0.70,114,60,56,56,0,58,0,0
desync_coreutils_64_O0_logname,obfuscated,pilot,switch_rule,obfuscated,0.90,114,60,0,0,0,114,0,0
desync_coreutils_64_O0_logname,obfuscated,pilot,switch_guard,obfuscated,0.50,114,60,57,57,0,57,0,0
desync_coreutils_64_O0_logname,obfuscated,pilot,switch_guard,obfuscated,0.70,114,60,56,56,0,58,0,0
desync_coreutils_64_O0_logname,obfuscated,pilot,switch_guard,obfuscated,0.90,114,60,0,0,0,114,0,0
desync_coreutils_64_O0_logname,obfuscated,pilot,oracle,obfuscated,0.50,114,60,57,57,0,57,0,0
desync_coreutils_64_O0_logname,obfuscated,pilot,oracle,obfuscated,0.70,114,60,56,56,0,58,0,0
desync_coreutils_64_O0_logname,obfuscated,pilot,oracle,obfuscated,0.90,114,60,0,0,0,114,0,0
desync_coreutils_64_O0_logname,obfuscated,d1_med,stale,benign,0.50,114,60,58,57,1,57,0,0
desync_coreutils_64_O0_logname,obfuscated,d1_med,stale,benign,0.70,114,60,58,57,1,57,0,0
desync_coreutils_64_O0_logname,obfuscated,d1_med,stale,benign,0.90,114,60,58,57,1,57,0,0
desync_coreutils_64_O0_logname,obfuscated,d1_med,switch_rule,obfuscated,0.50,114,60,58,57,1,57,0,0
desync_coreutils_64_O0_logname,obfuscated,d1_med,switch_rule,obfuscated,0.70,114,60,58,57,1,57,0,0
desync_coreutils_64_O0_logname,obfuscated,d1_med,switch_rule,obfuscated,0.90,114,60,0,0,0,114,0,0
desync_coreutils_64_O0_logname,obfuscated,d1_med,switch_guard,obfuscated,0.50,114,60,58,57,1,57,0,0
desync_coreutils_64_O0_logname,obfuscated,d1_med,switch_guard,obfuscated,0.70,114,60,58,57,1,57,0,0
desync_coreutils_64_O0_logname,obfuscated,d1_med,switch_guard,obfuscated,0.90,114,60,0,0,0,114,0,0
desync_coreutils_64_O0_logname,obfuscated,d1_med,oracle,obfuscated,0.50,114,60,58,57,1,57,0,0
desync_coreutils_64_O0_logname,obfuscated,d1_med,oracle,obfuscated,0.70,114,60,58,57,1,57,0,0
desync_coreutils_64_O0_logname,obfuscated,d1_med,oracle,obfuscated,0.90,114,60,0,0,0,114,0,0
desync_coreutils_64_O0_logname,obfuscated,d2_heavy,stale,benign,0.50,114,60,56,55,1,59,0,0
desync_coreutils_64_O0_logname,obfuscated,d2_heavy,stale,benign,0.70,114,60,56,55,1,59,0,0
desync_coreutils_64_O0_logname,obfuscated,d2_heavy,stale,benign,0.90,114,60,56,55,1,59,0,0
desync_coreutils_64_O0_logname,obfuscated,d2_heavy,switch_rule,obfuscated,0.50,114,60,56,55,1,59,0,0
desync_coreutils_64_O0_logname,obfuscated,d2_heavy,switch_rule,obfuscated,0.70,114,60,56,55,1,59,0,0
desync_coreutils_64_O0_logname,obfuscated,d2_heavy,switch_rule,obfuscated,0.90,114,60,0,0,0,114,0,0
desync_coreutils_64_O0_logname,obfuscated,d2_heavy,switch_guard,obfuscated,0.50,114,60,56,55,1,59,0,0
desync_coreutils_64_O0_logname,obfuscated,d2_heavy,switch_guard,obfuscated,0.70,114,60,56,55,1,59,0,0
desync_coreutils_64_O0_logname,obfuscated,d2_heavy,switch_guard,obfuscated,0.90,114,60,0,0,0,114,0,0
desync_coreutils_64_O0_logname,obfuscated,d2_heavy,oracle,obfuscated,0.50,114,60,56,55,1,59,0,0
desync_coreutils_64_O0_logname,obfuscated,d2_heavy,oracle,obfuscated,0.70,114,60,56,55,1,59,0,0
desync_coreutils_64_O0_logname,obfuscated,d2_heavy,oracle,obfuscated,0.90,114,60,0,0,0,114,0,0
desync_coreutils_64_O0_logname,obfuscated,d3_max,stale,benign,0.50,114,60,59,58,1,56,0,0
desync_coreutils_64_O0_logname,obfuscated,d3_max,stale,benign,0.70,114,60,59,58,1,56,0,0
desync_coreutils_64_O0_logname,obfuscated,d3_max,stale,benign,0.90,114,60,59,58,1,56,0,0
desync_coreutils_64_O0_logname,obfuscated,d3_max,switch_rule,obfuscated,0.50,114,60,59,58,1,56,0,0
desync_coreutils_64_O0_logname,obfuscated,d3_max,switch_rule,obfuscated,0.70,114,60,59,58,1,56,0,0
desync_coreutils_64_O0_logname,obfuscated,d3_max,switch_rule,obfuscated,0.90,114,60,0,0,0,114,0,0
desync_coreutils_64_O0_logname,obfuscated,d3_max,switch_guard,obfuscated,0.50,114,60,59,58,1,56,0,0
desync_coreutils_64_O0_logname,obfuscated,d3_max,switch_guard,obfuscated,0.70,114,60,59,58,1,56,0,0
desync_coreutils_64_O0_logname,obfuscated,d3_max,switch_guard,obfuscated,0.90,114,60,0,0,0,114,0,0
desync_coreutils_64_O0_logname,obfuscated,d3_max,oracle,obfuscated,0.50,114,60,59,58,1,56,0,0
desync_coreutils_64_O0_logname,obfuscated,d3_max,oracle,obfuscated,0.70,114,60,59,58,1,56,0,0
desync_coreutils_64_O0_logname,obfuscated,d3_max,oracle,obfuscated,0.90,114,60,0,0,0,114,0,0
desync_coreutils_64_O0_runcon,obfuscated,pilot,stale,benign,0.50,132,63,62,62,0,70,0,0
desync_coreutils_64_O0_runcon,obfuscated,pilot,stale,benign,0.70,132,63,62,62,0,70,0,0
desync_coreutils_64_O0_runcon,obfuscated,pilot,stale,benign,0.90,132,63,61,61,0,71,0,0
desync_coreutils_64_O0_runcon,obfuscated,pilot,switch_rule,obfuscated,0.50,132,63,62,62,0,70,0,0
desync_coreutils_64_O0_runcon,obfuscated,pilot,switch_rule,obfuscated,0.70,132,63,61,61,0,71,0,0
desync_coreutils_64_O0_runcon,obfuscated,pilot,switch_rule,obfuscated,0.90,132,63,0,0,0,132,0,0
desync_coreutils_64_O0_runcon,obfuscated,pilot,switch_guard,obfuscated,0.50,132,63,62,62,0,70,0,0
desync_coreutils_64_O0_runcon,obfuscated,pilot,switch_guard,obfuscated,0.70,132,63,61,61,0,71,0,0
desync_coreutils_64_O0_runcon,obfuscated,pilot,switch_guard,obfuscated,0.90,132,63,0,0,0,132,0,0
desync_coreutils_64_O0_runcon,obfuscated,pilot,oracle,obfuscated,0.50,132,63,62,62,0,70,0,0
desync_coreutils_64_O0_runcon,obfuscated,pilot,oracle,obfuscated,0.70,132,63,61,61,0,71,0,0
desync_coreutils_64_O0_runcon,obfuscated,pilot,oracle,obfuscated,0.90,132,63,0,0,0,132,0,0
desync_coreutils_64_O0_runcon,obfuscated,d1_med,stale,benign,0.50,132,63,59,58,1,74,0,0
desync_coreutils_64_O0_runcon,obfuscated,d1_med,stale,benign,0.70,132,63,59,58,1,74,0,0
desync_coreutils_64_O0_runcon,obfuscated,d1_med,stale,benign,0.90,132,63,59,58,1,74,0,0
desync_coreutils_64_O0_runcon,obfuscated,d1_med,switch_rule,obfuscated,0.50,132,63,59,58,1,74,0,0
desync_coreutils_64_O0_runcon,obfuscated,d1_med,switch_rule,obfuscated,0.70,132,63,59,58,1,74,0,0
desync_coreutils_64_O0_runcon,obfuscated,d1_med,switch_rule,obfuscated,0.90,132,63,0,0,0,132,0,0
desync_coreutils_64_O0_runcon,obfuscated,d1_med,switch_guard,obfuscated,0.50,132,63,59,58,1,74,0,0
desync_coreutils_64_O0_runcon,obfuscated,d1_med,switch_guard,obfuscated,0.70,132,63,59,58,1,74,0,0
desync_coreutils_64_O0_runcon,obfuscated,d1_med,switch_guard,obfuscated,0.90,132,63,0,0,0,132,0,0
desync_coreutils_64_O0_runcon,obfuscated,d1_med,oracle,obfuscated,0.50,132,63,59,58,1,74,0,0
desync_coreutils_64_O0_runcon,obfuscated,d1_med,oracle,obfuscated,0.70,132,63,59,58,1,74,0,0
desync_coreutils_64_O0_runcon,obfuscated,d1_med,oracle,obfuscated,0.90,132,63,0,0,0,132,0,0
desync_coreutils_64_O0_runcon,obfuscated,d2_heavy,stale,benign,0.50,132,63,62,61,1,71,0,0
desync_coreutils_64_O0_runcon,obfuscated,d2_heavy,stale,benign,0.70,132,63,62,61,1,71,0,0
desync_coreutils_64_O0_runcon,obfuscated,d2_heavy,stale,benign,0.90,132,63,62,61,1,71,0,0
desync_coreutils_64_O0_runcon,obfuscated,d2_heavy,switch_rule,obfuscated,0.50,132,63,62,61,1,71,0,0
desync_coreutils_64_O0_runcon,obfuscated,d2_heavy,switch_rule,obfuscated,0.70,132,63,62,61,1,71,0,0
desync_coreutils_64_O0_runcon,obfuscated,d2_heavy,switch_rule,obfuscated,0.90,132,63,0,0,0,132,0,0
desync_coreutils_64_O0_runcon,obfuscated,d2_heavy,switch_guard,obfuscated,0.50,132,63,62,61,1,71,0,0
desync_coreutils_64_O0_runcon,obfuscated,d2_heavy,switch_guard,obfuscated,0.70,132,63,62,61,1,71,0,0
desync_coreutils_64_O0_runcon,obfuscated,d2_heavy,switch_guard,obfuscated,0.90,132,63,0,0,0,132,0,0
desync_coreutils_64_O0_runcon,obfuscated,d2_heavy,oracle,obfuscated,0.50,132,63,62,61,1,71,0,0
desync_coreutils_64_O0_runcon,obfuscated,d2_heavy,oracle,obfuscated,0.70,132,63,62,61,1,71,0,0
desync_coreutils_64_O0_runcon,obfuscated,d2_heavy,oracle,obfuscated,0.90,132,63,0,0,0,132,0,0
desync_coreutils_64_O0_runcon,obfuscated,d3_max,stale,benign,0.50,132,63,60,59,1,73,0,0
desync_coreutils_64_O0_runcon,obfuscated,d3_max,stale,benign,0.70,132,63,58,57,1,75,0,0
desync_coreutils_64_O0_runcon,obfuscated,d3_max,stale,benign,0.90,132,63,58,57,1,75,0,0
desync_coreutils_64_O0_runcon,obfuscated,d3_max,switch_rule,obfuscated,0.50,132,63,58,57,1,75,0,0
desync_coreutils_64_O0_runcon,obfuscated,d3_max,switch_rule,obfuscated,0.70,132,63,58,57,1,75,0,0
desync_coreutils_64_O0_runcon,obfuscated,d3_max,switch_rule,obfuscated,0.90,132,63,0,0,0,132,0,0
desync_coreutils_64_O0_runcon,obfuscated,d3_max,switch_guard,obfuscated,0.50,132,63,58,57,1,75,0,0
desync_coreutils_64_O0_runcon,obfuscated,d3_max,switch_guard,obfuscated,0.70,132,63,58,57,1,75,0,0
desync_coreutils_64_O0_runcon,obfuscated,d3_max,switch_guard,obfuscated,0.90,132,63,0,0,0,132,0,0
desync_coreutils_64_O0_runcon,obfuscated,d3_max,oracle,obfuscated,0.50,132,63,58,57,1,75,0,0
desync_coreutils_64_O0_runcon,obfuscated,d3_max,oracle,obfuscated,0.70,132,63,58,57,1,75,0,0
desync_coreutils_64_O0_runcon,obfuscated,d3_max,oracle,obfuscated,0.90,132,63,0,0,0,132,0,0
desync_coreutils_64_O0_make-prime-list,obfuscated,d1_med,stale,benign,0.50,12,7,5,5,0,7,0,0
desync_coreutils_64_O0_make-prime-list,obfuscated,d1_med,stale,benign,0.70,12,7,5,5,0,7,0,0
desync_coreutils_64_O0_make-prime-list,obfuscated,d1_med,stale,benign,0.90,12,7,5,5,0,7,0,0
desync_coreutils_64_O0_make-prime-list,obfuscated,d1_med,switch_rule,obfuscated,0.50,12,7,5,5,0,7,0,0
desync_coreutils_64_O0_make-prime-list,obfuscated,d1_med,switch_rule,obfuscated,0.70,12,7,5,5,0,7,0,0
desync_coreutils_64_O0_make-prime-list,obfuscated,d1_med,switch_rule,obfuscated,0.90,12,7,0,0,0,12,0,0
desync_coreutils_64_O0_make-prime-list,obfuscated,d1_med,switch_guard,obfuscated,0.50,12,7,5,5,0,7,0,0
desync_coreutils_64_O0_make-prime-list,obfuscated,d1_med,switch_guard,obfuscated,0.70,12,7,5,5,0,7,0,0
desync_coreutils_64_O0_make-prime-list,obfuscated,d1_med,switch_guard,obfuscated,0.90,12,7,0,0,0,12,0,0
desync_coreutils_64_O0_make-prime-list,obfuscated,d1_med,oracle,obfuscated,0.50,12,7,5,5,0,7,0,0
desync_coreutils_64_O0_make-prime-list,obfuscated,d1_med,oracle,obfuscated,0.70,12,7,5,5,0,7,0,0
desync_coreutils_64_O0_make-prime-list,obfuscated,d1_med,oracle,obfuscated,0.90,12,7,0,0,0,12,0,0
desync_coreutils_64_O0_make-prime-list,obfuscated,d2_heavy,stale,benign,0.50,12,7,7,7,0,5,0,0
desync_coreutils_64_O0_make-prime-list,obfuscated,d2_heavy,stale,benign,0.70,12,7,7,7,0,5,0,0
desync_coreutils_64_O0_make-prime-list,obfuscated,d2_heavy,stale,benign,0.90,12,7,7,7,0,5,0,0
desync_coreutils_64_O0_make-prime-list,obfuscated,d2_heavy,switch_rule,obfuscated,0.50,12,7,7,7,0,5,0,0
desync_coreutils_64_O0_make-prime-list,obfuscated,d2_heavy,switch_rule,obfuscated,0.70,12,7,7,7,0,5,0,0
desync_coreutils_64_O0_make-prime-list,obfuscated,d2_heavy,switch_rule,obfuscated,0.90,12,7,0,0,0,12,0,0
desync_coreutils_64_O0_make-prime-list,obfuscated,d2_heavy,switch_guard,obfuscated,0.50,12,7,7,7,0,5,0,0
desync_coreutils_64_O0_make-prime-list,obfuscated,d2_heavy,switch_guard,obfuscated,0.70,12,7,7,7,0,5,0,0
desync_coreutils_64_O0_make-prime-list,obfuscated,d2_heavy,switch_guard,obfuscated,0.90,12,7,0,0,0,12,0,0
desync_coreutils_64_O0_make-prime-list,obfuscated,d2_heavy,oracle,obfuscated,0.50,12,7,7,7,0,5,0,0
desync_coreutils_64_O0_make-prime-list,obfuscated,d2_heavy,oracle,obfuscated,0.70,12,7,7,7,0,5,0,0
desync_coreutils_64_O0_make-prime-list,obfuscated,d2_heavy,oracle,obfuscated,0.90,12,7,0,0,0,12,0,0
desync_coreutils_64_O0_make-prime-list,obfuscated,d3_max,stale,benign,0.50,12,7,7,7,0,5,0,0
desync_coreutils_64_O0_make-prime-list,obfuscated,d3_max,stale,benign,0.70,12,7,7,7,0,5,0,0
desync_coreutils_64_O0_make-prime-list,obfuscated,d3_max,stale,benign,0.90,12,7,7,7,0,5,0,0
desync_coreutils_64_O0_make-prime-list,obfuscated,d3_max,switch_rule,obfuscated,0.50,12,7,7,7,0,5,0,0
desync_coreutils_64_O0_make-prime-list,obfuscated,d3_max,switch_rule,obfuscated,0.70,12,7,7,7,0,5,0,0
desync_coreutils_64_O0_make-prime-list,obfuscated,d3_max,switch_rule,obfuscated,0.90,12,7,0,0,0,12,0,0
desync_coreutils_64_O0_make-prime-list,obfuscated,d3_max,switch_guard,obfuscated,0.50,12,7,7,7,0,5,0,0
desync_coreutils_64_O0_make-prime-list,obfuscated,d3_max,switch_guard,obfuscated,0.70,12,7,7,7,0,5,0,0
desync_coreutils_64_O0_make-prime-list,obfuscated,d3_max,switch_guard,obfuscated,0.90,12,7,0,0,0,12,0,0
desync_coreutils_64_O0_make-prime-list,obfuscated,d3_max,oracle,obfuscated,0.50,12,7,7,7,0,5,0,0
desync_coreutils_64_O0_make-prime-list,obfuscated,d3_max,oracle,obfuscated,0.70,12,7,7,7,0,5,0,0
desync_coreutils_64_O0_make-prime-list,obfuscated,d3_max,oracle,obfuscated,0.90,12,7,0,0,0,12,0,0
desync_coreutils_64_O0_factor,obfuscated,pilot,stale,benign,0.50,361,235,239,232,7,129,0,0
desync_coreutils_64_O0_factor,obfuscated,pilot,stale,benign,0.70,361,235,238,231,7,130,0,0
desync_coreutils_64_O0_factor,obfuscated,pilot,stale,benign,0.90,361,235,238,231,7,130,0,0
desync_coreutils_64_O0_factor,obfuscated,pilot,switch_rule,obfuscated,0.50,361,235,238,231,7,130,0,0
desync_coreutils_64_O0_factor,obfuscated,pilot,switch_rule,obfuscated,0.70,361,235,238,231,7,130,0,0
desync_coreutils_64_O0_factor,obfuscated,pilot,switch_rule,obfuscated,0.90,361,235,0,0,0,361,0,0
desync_coreutils_64_O0_factor,obfuscated,pilot,switch_guard,obfuscated,0.50,361,235,238,231,7,130,0,0
desync_coreutils_64_O0_factor,obfuscated,pilot,switch_guard,obfuscated,0.70,361,235,238,231,7,130,0,0
desync_coreutils_64_O0_factor,obfuscated,pilot,switch_guard,obfuscated,0.90,361,235,0,0,0,361,0,0
desync_coreutils_64_O0_factor,obfuscated,pilot,oracle,obfuscated,0.50,361,235,238,231,7,130,0,0
desync_coreutils_64_O0_factor,obfuscated,pilot,oracle,obfuscated,0.70,361,235,238,231,7,130,0,0
desync_coreutils_64_O0_factor,obfuscated,pilot,oracle,obfuscated,0.90,361,235,0,0,0,361,0,0
desync_coreutils_64_O0_od,obfuscated,pilot,stale,benign,0.50,199,132,134,129,5,70,0,0
desync_coreutils_64_O0_od,obfuscated,pilot,stale,benign,0.70,199,132,132,128,4,71,0,0
desync_coreutils_64_O0_od,obfuscated,pilot,stale,benign,0.90,199,132,130,128,2,71,0,0
desync_coreutils_64_O0_od,obfuscated,pilot,switch_rule,obfuscated,0.50,199,132,133,128,5,71,0,0
desync_coreutils_64_O0_od,obfuscated,pilot,switch_rule,obfuscated,0.70,199,132,131,128,3,71,0,0
desync_coreutils_64_O0_od,obfuscated,pilot,switch_rule,obfuscated,0.90,199,132,0,0,0,199,0,0
desync_coreutils_64_O0_od,obfuscated,pilot,switch_guard,obfuscated,0.50,199,132,133,128,5,71,0,0
desync_coreutils_64_O0_od,obfuscated,pilot,switch_guard,obfuscated,0.70,199,132,131,128,3,71,0,0
desync_coreutils_64_O0_od,obfuscated,pilot,switch_guard,obfuscated,0.90,199,132,0,0,0,199,0,0
desync_coreutils_64_O0_od,obfuscated,pilot,oracle,obfuscated,0.50,199,132,133,128,5,71,0,0
desync_coreutils_64_O0_od,obfuscated,pilot,oracle,obfuscated,0.70,199,132,131,128,3,71,0,0
desync_coreutils_64_O0_od,obfuscated,pilot,oracle,obfuscated,0.90,199,132,0,0,0,199,0,0
desync_coreutils_64_O0_env,obfuscated,pilot,stale,benign,0.50,135,88,86,86,0,49,0,0
desync_coreutils_64_O0_env,obfuscated,pilot,stale,benign,0.70,135,88,86,86,0,49,0,0
desync_coreutils_64_O0_env,obfuscated,pilot,stale,benign,0.90,135,88,85,85,0,50,0,0
desync_coreutils_64_O0_env,obfuscated,pilot,switch_rule,obfuscated,0.50,135,88,85,85,0,50,0,0
desync_coreutils_64_O0_env,obfuscated,pilot,switch_rule,obfuscated,0.70,135,88,85,85,0,50,0,0
desync_coreutils_64_O0_env,obfuscated,pilot,switch_rule,obfuscated,0.90,135,88,0,0,0,135,0,0
desync_coreutils_64_O0_env,obfuscated,pilot,switch_guard,obfuscated,0.50,135,88,85,85,0,50,0,0
desync_coreutils_64_O0_env,obfuscated,pilot,switch_guard,obfuscated,0.70,135,88,85,85,0,50,0,0
desync_coreutils_64_O0_env,obfuscated,pilot,switch_guard,obfuscated,0.90,135,88,0,0,0,135,0,0
desync_coreutils_64_O0_env,obfuscated,pilot,oracle,obfuscated,0.50,135,88,85,85,0,50,0,0
desync_coreutils_64_O0_env,obfuscated,pilot,oracle,obfuscated,0.70,135,88,85,85,0,50,0,0
desync_coreutils_64_O0_env,obfuscated,pilot,oracle,obfuscated,0.90,135,88,0,0,0,135,0,0
desync_coreutils_64_O0_env,obfuscated,d1_med,stale,benign,0.50,135,88,89,87,2,48,0,0
desync_coreutils_64_O0_env,obfuscated,d1_med,stale,benign,0.70,135,88,88,86,2,49,0,0
desync_coreutils_64_O0_env,obfuscated,d1_med,stale,benign,0.90,135,88,88,86,2,49,0,0
desync_coreutils_64_O0_env,obfuscated,d1_med,switch_rule,obfuscated,0.50,135,88,88,86,2,49,0,0
desync_coreutils_64_O0_env,obfuscated,d1_med,switch_rule,obfuscated,0.70,135,88,88,86,2,49,0,0
desync_coreutils_64_O0_env,obfuscated,d1_med,switch_rule,obfuscated,0.90,135,88,0,0,0,135,0,0
desync_coreutils_64_O0_env,obfuscated,d1_med,switch_guard,obfuscated,0.50,135,88,88,86,2,49,0,0
desync_coreutils_64_O0_env,obfuscated,d1_med,switch_guard,obfuscated,0.70,135,88,88,86,2,49,0,0
desync_coreutils_64_O0_env,obfuscated,d1_med,switch_guard,obfuscated,0.90,135,88,0,0,0,135,0,0
desync_coreutils_64_O0_env,obfuscated,d1_med,oracle,obfuscated,0.50,135,88,88,86,2,49,0,0
desync_coreutils_64_O0_env,obfuscated,d1_med,oracle,obfuscated,0.70,135,88,88,86,2,49,0,0
desync_coreutils_64_O0_env,obfuscated,d1_med,oracle,obfuscated,0.90,135,88,0,0,0,135,0,0
desync_coreutils_64_O0_ln,obfuscated,pilot,stale,benign,0.50,239,154,157,154,3,85,0,0
desync_coreutils_64_O0_ln,obfuscated,pilot,stale,benign,0.70,239,154,155,152,3,87,0,0
desync_coreutils_64_O0_ln,obfuscated,pilot,stale,benign,0.90,239,154,154,151,3,88,0,0
desync_coreutils_64_O0_ln,obfuscated,pilot,switch_rule,obfuscated,0.50,239,154,156,153,3,86,0,0
desync_coreutils_64_O0_ln,obfuscated,pilot,switch_rule,obfuscated,0.70,239,154,156,153,3,86,0,0
desync_coreutils_64_O0_ln,obfuscated,pilot,switch_rule,obfuscated,0.90,239,154,0,0,0,239,0,0
desync_coreutils_64_O0_ln,obfuscated,pilot,switch_guard,obfuscated,0.50,239,154,156,153,3,86,0,0
desync_coreutils_64_O0_ln,obfuscated,pilot,switch_guard,obfuscated,0.70,239,154,156,153,3,86,0,0
desync_coreutils_64_O0_ln,obfuscated,pilot,switch_guard,obfuscated,0.90,239,154,0,0,0,239,0,0
desync_coreutils_64_O0_ln,obfuscated,pilot,oracle,obfuscated,0.50,239,154,156,153,3,86,0,0
desync_coreutils_64_O0_ln,obfuscated,pilot,oracle,obfuscated,0.70,239,154,156,153,3,86,0,0
desync_coreutils_64_O0_ln,obfuscated,pilot,oracle,obfuscated,0.90,239,154,0,0,0,239,0,0
desync_coreutils_64_O0_ln,obfuscated,d1_med,stale,benign,0.50,239,154,161,151,10,88,0,0
desync_coreutils_64_O0_ln,obfuscated,d1_med,stale,benign,0.70,239,154,161,151,10,88,0,0
desync_coreutils_64_O0_ln,obfuscated,d1_med,stale,benign,0.90,239,154,159,150,9,89,0,0
desync_coreutils_64_O0_ln,obfuscated,d1_med,switch_rule,obfuscated,0.50,239,154,160,151,9,88,0,0
desync_coreutils_64_O0_ln,obfuscated,d1_med,switch_rule,obfuscated,0.70,239,154,159,150,9,89,0,0
desync_coreutils_64_O0_ln,obfuscated,d1_med,switch_rule,obfuscated,0.90,239,154,0,0,0,239,0,0
desync_coreutils_64_O0_ln,obfuscated,d1_med,switch_guard,obfuscated,0.50,239,154,160,151,9,88,0,0
desync_coreutils_64_O0_ln,obfuscated,d1_med,switch_guard,obfuscated,0.70,239,154,159,150,9,89,0,0
desync_coreutils_64_O0_ln,obfuscated,d1_med,switch_guard,obfuscated,0.90,239,154,0,0,0,239,0,0
desync_coreutils_64_O0_ln,obfuscated,d1_med,oracle,obfuscated,0.50,239,154,160,151,9,88,0,0
desync_coreutils_64_O0_ln,obfuscated,d1_med,oracle,obfuscated,0.70,239,154,159,150,9,89,0,0
desync_coreutils_64_O0_ln,obfuscated,d1_med,oracle,obfuscated,0.90,239,154,0,0,0,239,0,0
desync_coreutils_64_O0_nl,obfuscated,pilot,stale,benign,0.50,137,85,84,82,2,55,0,0
desync_coreutils_64_O0_nl,obfuscated,pilot,stale,benign,0.70,137,85,83,82,1,55,0,0
desync_coreutils_64_O0_nl,obfuscated,pilot,stale,benign,0.90,137,85,81,81,0,56,0,0
desync_coreutils_64_O0_nl,obfuscated,pilot,switch_rule,obfuscated,0.50,137,85,84,82,2,55,0,0
desync_coreutils_64_O0_nl,obfuscated,pilot,switch_rule,obfuscated,0.70,137,85,81,81,0,56,0,0
desync_coreutils_64_O0_nl,obfuscated,pilot,switch_rule,obfuscated,0.90,137,85,0,0,0,137,0,0
desync_coreutils_64_O0_nl,obfuscated,pilot,switch_guard,obfuscated,0.50,137,85,84,82,2,55,0,0
desync_coreutils_64_O0_nl,obfuscated,pilot,switch_guard,obfuscated,0.70,137,85,81,81,0,56,0,0
desync_coreutils_64_O0_nl,obfuscated,pilot,switch_guard,obfuscated,0.90,137,85,0,0,0,137,0,0
desync_coreutils_64_O0_nl,obfuscated,pilot,oracle,obfuscated,0.50,137,85,84,82,2,55,0,0
desync_coreutils_64_O0_nl,obfuscated,pilot,oracle,obfuscated,0.70,137,85,81,81,0,56,0,0
desync_coreutils_64_O0_nl,obfuscated,pilot,oracle,obfuscated,0.90,137,85,0,0,0,137,0,0
desync_coreutils_64_O0_nl,obfuscated,d1_med,stale,benign,0.50,137,85,87,83,4,54,0,0
desync_coreutils_64_O0_nl,obfuscated,d1_med,stale,benign,0.70,137,85,86,83,3,54,0,0
desync_coreutils_64_O0_nl,obfuscated,d1_med,stale,benign,0.90,137,85,83,81,2,56,0,0
desync_coreutils_64_O0_nl,obfuscated,d1_med,switch_rule,obfuscated,0.50,137,85,86,83,3,54,0,0
desync_coreutils_64_O0_nl,obfuscated,d1_med,switch_rule,obfuscated,0.70,137,85,83,81,2,56,0,0
desync_coreutils_64_O0_nl,obfuscated,d1_med,switch_rule,obfuscated,0.90,137,85,0,0,0,137,0,0
desync_coreutils_64_O0_nl,obfuscated,d1_med,switch_guard,obfuscated,0.50,137,85,86,83,3,54,0,0
desync_coreutils_64_O0_nl,obfuscated,d1_med,switch_guard,obfuscated,0.70,137,85,83,81,2,56,0,0
desync_coreutils_64_O0_nl,obfuscated,d1_med,switch_guard,obfuscated,0.90,137,85,0,0,0,137,0,0
desync_coreutils_64_O0_nl,obfuscated,d1_med,oracle,obfuscated,0.50,137,85,86,83,3,54,0,0
desync_coreutils_64_O0_nl,obfuscated,d1_med,oracle,obfuscated,0.70,137,85,83,81,2,56,0,0
desync_coreutils_64_O0_nl,obfuscated,d1_med,oracle,obfuscated,0.90,137,85,0,0,0,137,0,0
desync_coreutils_64_O0_vdir,obfuscated,pilot,stale,benign,0.50,479,308,306,301,5,178,0,0
desync_coreutils_64_O0_vdir,obfuscated,pilot,stale,benign,0.70,479,308,304,300,4,179,0,0
desync_coreutils_64_O0_vdir,obfuscated,pilot,stale,benign,0.90,479,308,302,299,3,180,0,0
desync_coreutils_64_O0_vdir,obfuscated,pilot,switch_rule,obfuscated,0.50,479,308,303,300,3,179,0,0
desync_coreutils_64_O0_vdir,obfuscated,pilot,switch_rule,obfuscated,0.70,479,308,302,299,3,180,0,0
desync_coreutils_64_O0_vdir,obfuscated,pilot,switch_rule,obfuscated,0.90,479,308,0,0,0,479,0,0
desync_coreutils_64_O0_vdir,obfuscated,pilot,switch_guard,obfuscated,0.50,479,308,303,300,3,179,0,0
desync_coreutils_64_O0_vdir,obfuscated,pilot,switch_guard,obfuscated,0.70,479,308,302,299,3,180,0,0
desync_coreutils_64_O0_vdir,obfuscated,pilot,switch_guard,obfuscated,0.90,479,308,0,0,0,479,0,0
desync_coreutils_64_O0_vdir,obfuscated,pilot,oracle,obfuscated,0.50,479,308,303,300,3,179,0,0
desync_coreutils_64_O0_vdir,obfuscated,pilot,oracle,obfuscated,0.70,479,308,302,299,3,180,0,0
desync_coreutils_64_O0_vdir,obfuscated,pilot,oracle,obfuscated,0.90,479,308,0,0,0,479,0,0
desync_coreutils_64_O0_pr,obfuscated,pilot,stale,benign,0.50,208,148,158,147,11,61,0,0
desync_coreutils_64_O0_pr,obfuscated,pilot,stale,benign,0.70,208,148,153,146,7,62,0,0
desync_coreutils_64_O0_pr,obfuscated,pilot,stale,benign,0.90,208,148,150,144,6,64,0,0
desync_coreutils_64_O0_pr,obfuscated,pilot,switch_rule,obfuscated,0.50,208,148,152,146,6,62,0,0
desync_coreutils_64_O0_pr,obfuscated,pilot,switch_rule,obfuscated,0.70,208,148,149,144,5,64,0,0
desync_coreutils_64_O0_pr,obfuscated,pilot,switch_rule,obfuscated,0.90,208,148,0,0,0,208,0,0
desync_coreutils_64_O0_pr,obfuscated,pilot,switch_guard,obfuscated,0.50,208,148,152,146,6,62,0,0
desync_coreutils_64_O0_pr,obfuscated,pilot,switch_guard,obfuscated,0.70,208,148,149,144,5,64,0,0
desync_coreutils_64_O0_pr,obfuscated,pilot,switch_guard,obfuscated,0.90,208,148,0,0,0,208,0,0
desync_coreutils_64_O0_pr,obfuscated,pilot,oracle,obfuscated,0.50,208,148,152,146,6,62,0,0
desync_coreutils_64_O0_pr,obfuscated,pilot,oracle,obfuscated,0.70,208,148,149,144,5,64,0,0
desync_coreutils_64_O0_pr,obfuscated,pilot,oracle,obfuscated,0.90,208,148,0,0,0,208,0,0
desync_coreutils_64_O0_nproc,obfuscated,pilot,stale,benign,0.50,121,71,68,67,1,54,0,0
desync_coreutils_64_O0_nproc,obfuscated,pilot,stale,benign,0.70,121,71,67,66,1,55,0,0
desync_coreutils_64_O0_nproc,obfuscated,pilot,stale,benign,0.90,121,71,65,64,1,57,0,0
desync_coreutils_64_O0_nproc,obfuscated,pilot,switch_rule,obfuscated,0.50,121,71,65,64,1,57,0,0
desync_coreutils_64_O0_nproc,obfuscated,pilot,switch_rule,obfuscated,0.70,121,71,65,64,1,57,0,0
desync_coreutils_64_O0_nproc,obfuscated,pilot,switch_rule,obfuscated,0.90,121,71,0,0,0,121,0,0
desync_coreutils_64_O0_nproc,obfuscated,pilot,switch_guard,obfuscated,0.50,121,71,65,64,1,57,0,0
desync_coreutils_64_O0_nproc,obfuscated,pilot,switch_guard,obfuscated,0.70,121,71,65,64,1,57,0,0
desync_coreutils_64_O0_nproc,obfuscated,pilot,switch_guard,obfuscated,0.90,121,71,0,0,0,121,0,0
desync_coreutils_64_O0_nproc,obfuscated,pilot,oracle,obfuscated,0.50,121,71,65,64,1,57,0,0
desync_coreutils_64_O0_nproc,obfuscated,pilot,oracle,obfuscated,0.70,121,71,65,64,1,57,0,0
desync_coreutils_64_O0_nproc,obfuscated,pilot,oracle,obfuscated,0.90,121,71,0,0,0,121,0,0
desync_coreutils_64_O0_nproc,obfuscated,d1_med,stale,benign,0.50,121,71,71,70,1,51,0,0
desync_coreutils_64_O0_nproc,obfuscated,d1_med,stale,benign,0.70,121,71,69,68,1,53,0,0
desync_coreutils_64_O0_nproc,obfuscated,d1_med,stale,benign,0.90,121,71,69,68,1,53,0,0
desync_coreutils_64_O0_nproc,obfuscated,d1_med,switch_rule,obfuscated,0.50,121,71,70,69,1,52,0,0
desync_coreutils_64_O0_nproc,obfuscated,d1_med,switch_rule,obfuscated,0.70,121,71,70,69,1,52,0,0
desync_coreutils_64_O0_nproc,obfuscated,d1_med,switch_rule,obfuscated,0.90,121,71,0,0,0,121,0,0
desync_coreutils_64_O0_nproc,obfuscated,d1_med,switch_guard,obfuscated,0.50,121,71,70,69,1,52,0,0
desync_coreutils_64_O0_nproc,obfuscated,d1_med,switch_guard,obfuscated,0.70,121,71,70,69,1,52,0,0
desync_coreutils_64_O0_nproc,obfuscated,d1_med,switch_guard,obfuscated,0.90,121,71,0,0,0,121,0,0
desync_coreutils_64_O0_nproc,obfuscated,d1_med,oracle,obfuscated,0.50,121,71,70,69,1,52,0,0
desync_coreutils_64_O0_nproc,obfuscated,d1_med,oracle,obfuscated,0.70,121,71,70,69,1,52,0,0
desync_coreutils_64_O0_nproc,obfuscated,d1_med,oracle,obfuscated,0.90,121,71,0,0,0,121,0,0
desync_coreutils_64_O0_nproc,obfuscated,d2_heavy,stale,benign,0.50,121,71,73,70,3,51,0,0
desync_coreutils_64_O0_nproc,obfuscated,d2_heavy,stale,benign,0.70,121,71,73,70,3,51,0,0
desync_coreutils_64_O0_nproc,obfuscated,d2_heavy,stale,benign,0.90,121,71,73,70,3,51,0,0
desync_coreutils_64_O0_nproc,obfuscated,d2_heavy,switch_rule,obfuscated,0.50,121,71,73,70,3,51,0,0
desync_coreutils_64_O0_nproc,obfuscated,d2_heavy,switch_rule,obfuscated,0.70,121,71,73,70,3,51,0,0
desync_coreutils_64_O0_nproc,obfuscated,d2_heavy,switch_rule,obfuscated,0.90,121,71,0,0,0,121,0,0
desync_coreutils_64_O0_nproc,obfuscated,d2_heavy,switch_guard,obfuscated,0.50,121,71,73,70,3,51,0,0
desync_coreutils_64_O0_nproc,obfuscated,d2_heavy,switch_guard,obfuscated,0.70,121,71,73,70,3,51,0,0
desync_coreutils_64_O0_nproc,obfuscated,d2_heavy,switch_guard,obfuscated,0.90,121,71,0,0,0,121,0,0
desync_coreutils_64_O0_nproc,obfuscated,d2_heavy,oracle,obfuscated,0.50,121,71,73,70,3,51,0,0
desync_coreutils_64_O0_nproc,obfuscated,d2_heavy,oracle,obfuscated,0.70,121,71,73,70,3,51,0,0
desync_coreutils_64_O0_nproc,obfuscated,d2_heavy,oracle,obfuscated,0.90,121,71,0,0,0,121,0,0
desync_coreutils_64_O0_nproc,obfuscated,d3_max,stale,benign,0.50,121,71,71,70,1,51,0,0
desync_coreutils_64_O0_nproc,obfuscated,d3_max,stale,benign,0.70,121,71,71,70,1,51,0,0
desync_coreutils_64_O0_nproc,obfuscated,d3_max,stale,benign,0.90,121,71,71,70,1,51,0,0
desync_coreutils_64_O0_nproc,obfuscated,d3_max,switch_rule,obfuscated,0.50,121,71,71,70,1,51,0,0
desync_coreutils_64_O0_nproc,obfuscated,d3_max,switch_rule,obfuscated,0.70,121,71,71,70,1,51,0,0
desync_coreutils_64_O0_nproc,obfuscated,d3_max,switch_rule,obfuscated,0.90,121,71,0,0,0,121,0,0
desync_coreutils_64_O0_nproc,obfuscated,d3_max,switch_guard,obfuscated,0.50,121,71,71,70,1,51,0,0
desync_coreutils_64_O0_nproc,obfuscated,d3_max,switch_guard,obfuscated,0.70,121,71,71,70,1,51,0,0
desync_coreutils_64_O0_nproc,obfuscated,d3_max,switch_guard,obfuscated,0.90,121,71,0,0,0,121,0,0
desync_coreutils_64_O0_nproc,obfuscated,d3_max,oracle,obfuscated,0.50,121,71,71,70,1,51,0,0
desync_coreutils_64_O0_nproc,obfuscated,d3_max,oracle,obfuscated,0.70,121,71,71,70,1,51,0,0
desync_coreutils_64_O0_nproc,obfuscated,d3_max,oracle,obfuscated,0.90,121,71,0,0,0,121,0,0
dir_upx_nrv__nrv,packed,nrv,stale,benign,0.50,0,0,1,0,0,0,0,0
dir_upx_nrv__nrv,packed,nrv,stale,benign,0.70,0,0,1,0,0,0,0,0
dir_upx_nrv__nrv,packed,nrv,stale,benign,0.90,0,0,1,0,0,0,0,0
dir_upx_nrv__nrv,packed,nrv,switch_rule,packed,0.50,0,0,0,0,0,0,0,0
dir_upx_nrv__nrv,packed,nrv,switch_rule,packed,0.70,0,0,0,0,0,0,0,0
dir_upx_nrv__nrv,packed,nrv,switch_rule,packed,0.90,0,0,0,0,0,0,0,0
dir_upx_nrv__nrv,packed,nrv,switch_guard,packed,0.50,0,0,0,0,0,0,0,0
dir_upx_nrv__nrv,packed,nrv,switch_guard,packed,0.70,0,0,0,0,0,0,0,0
dir_upx_nrv__nrv,packed,nrv,switch_guard,packed,0.90,0,0,0,0,0,0,0,0
dir_upx_nrv__nrv,packed,nrv,oracle,packed,0.50,0,0,0,0,0,0,0,0
dir_upx_nrv__nrv,packed,nrv,oracle,packed,0.70,0,0,0,0,0,0,0,0
dir_upx_nrv__nrv,packed,nrv,oracle,packed,0.90,0,0,0,0,0,0,0,0
ls_upx_nrv__nrv,packed,nrv,stale,benign,0.50,0,0,1,0,0,0,0,0
ls_upx_nrv__nrv,packed,nrv,stale,benign,0.70,0,0,1,0,0,0,0,0
ls_upx_nrv__nrv,packed,nrv,stale,benign,0.90,0,0,1,0,0,0,0,0
ls_upx_nrv__nrv,packed,nrv,switch_rule,packed,0.50,0,0,0,0,0,0,0,0
ls_upx_nrv__nrv,packed,nrv,switch_rule,packed,0.70,0,0,0,0,0,0,0,0
ls_upx_nrv__nrv,packed,nrv,switch_rule,packed,0.90,0,0,0,0,0,0,0,0
ls_upx_nrv__nrv,packed,nrv,switch_guard,packed,0.50,0,0,0,0,0,0,0,0
ls_upx_nrv__nrv,packed,nrv,switch_guard,packed,0.70,0,0,0,0,0,0,0,0
ls_upx_nrv__nrv,packed,nrv,switch_guard,packed,0.90,0,0,0,0,0,0,0,0
ls_upx_nrv__nrv,packed,nrv,oracle,packed,0.50,0,0,0,0,0,0,0,0
ls_upx_nrv__nrv,packed,nrv,oracle,packed,0.70,0,0,0,0,0,0,0,0
ls_upx_nrv__nrv,packed,nrv,oracle,packed,0.90,0,0,0,0,0,0,0,0
sha256sum_upx_nrv__nrv,packed,nrv,stale,benign,0.50,0,0,1,0,0,0,0,0
sha256sum_upx_nrv__nrv,packed,nrv,stale,benign,0.70,0,0,1,0,0,0,0,0
sha256sum_upx_nrv__nrv,packed,nrv,stale,benign,0.90,0,0,1,0,0,0,0,0
sha256sum_upx_nrv__nrv,packed,nrv,switch_rule,packed,0.50,0,0,0,0,0,0,0,0
sha256sum_upx_nrv__nrv,packed,nrv,switch_rule,packed,0.70,0,0,0,0,0,0,0,0
sha256sum_upx_nrv__nrv,packed,nrv,switch_rule,packed,0.90,0,0,0,0,0,0,0,0
sha256sum_upx_nrv__nrv,packed,nrv,switch_guard,packed,0.50,0,0,0,0,0,0,0,0
sha256sum_upx_nrv__nrv,packed,nrv,switch_guard,packed,0.70,0,0,0,0,0,0,0,0
sha256sum_upx_nrv__nrv,packed,nrv,switch_guard,packed,0.90,0,0,0,0,0,0,0,0
sha256sum_upx_nrv__nrv,packed,nrv,oracle,packed,0.50,0,0,0,0,0,0,0,0
sha256sum_upx_nrv__nrv,packed,nrv,oracle,packed,0.70,0,0,0,0,0,0,0,0
sha256sum_upx_nrv__nrv,packed,nrv,oracle,packed,0.90,0,0,0,0,0,0,0,0
base64_upx_nrv__nrv,packed,nrv,stale,benign,0.50,0,0,1,0,0,0,0,0
base64_upx_nrv__nrv,packed,nrv,stale,benign,0.70,0,0,1,0,0,0,0,0
base64_upx_nrv__nrv,packed,nrv,stale,benign,0.90,0,0,1,0,0,0,0,0
base64_upx_nrv__nrv,packed,nrv,switch_rule,packed,0.50,0,0,0,0,0,0,0,0
base64_upx_nrv__nrv,packed,nrv,switch_rule,packed,0.70,0,0,0,0,0,0,0,0
base64_upx_nrv__nrv,packed,nrv,switch_rule,packed,0.90,0,0,0,0,0,0,0,0
base64_upx_nrv__nrv,packed,nrv,switch_guard,packed,0.50,0,0,0,0,0,0,0,0
base64_upx_nrv__nrv,packed,nrv,switch_guard,packed,0.70,0,0,0,0,0,0,0,0
base64_upx_nrv__nrv,packed,nrv,switch_guard,packed,0.90,0,0,0,0,0,0,0,0
base64_upx_nrv__nrv,packed,nrv,oracle,packed,0.50,0,0,0,0,0,0,0,0
base64_upx_nrv__nrv,packed,nrv,oracle,packed,0.70,0,0,0,0,0,0,0,0
base64_upx_nrv__nrv,packed,nrv,oracle,packed,0.90,0,0,0,0,0,0,0,0
sha256sum_upx_lzma__lzma,packed,lzma,stale,benign,0.50,0,0,1,0,0,0,0,0
sha256sum_upx_lzma__lzma,packed,lzma,stale,benign,0.70,0,0,1,0,0,0,0,0
sha256sum_upx_lzma__lzma,packed,lzma,stale,benign,0.90,0,0,1,0,0,0,0,0
sha256sum_upx_lzma__lzma,packed,lzma,switch_rule,packed,0.50,0,0,0,0,0,0,0,0
sha256sum_upx_lzma__lzma,packed,lzma,switch_rule,packed,0.70,0,0,0,0,0,0,0,0
sha256sum_upx_lzma__lzma,packed,lzma,switch_rule,packed,0.90,0,0,0,0,0,0,0,0
sha256sum_upx_lzma__lzma,packed,lzma,switch_guard,packed,0.50,0,0,0,0,0,0,0,0
sha256sum_upx_lzma__lzma,packed,lzma,switch_guard,packed,0.70,0,0,0,0,0,0,0,0
sha256sum_upx_lzma__lzma,packed,lzma,switch_guard,packed,0.90,0,0,0,0,0,0,0,0
sha256sum_upx_lzma__lzma,packed,lzma,oracle,packed,0.50,0,0,0,0,0,0,0,0
sha256sum_upx_lzma__lzma,packed,lzma,oracle,packed,0.70,0,0,0,0,0,0,0,0
sha256sum_upx_lzma__lzma,packed,lzma,oracle,packed,0.90,0,0,0,0,0,0,0,0
du_upx_nrv__nrv,packed,nrv,stale,benign,0.50,0,0,1,0,0,0,0,0
du_upx_nrv__nrv,packed,nrv,stale,benign,0.70,0,0,1,0,0,0,0,0
du_upx_nrv__nrv,packed,nrv,stale,benign,0.90,0,0,1,0,0,0,0,0
du_upx_nrv__nrv,packed,nrv,switch_rule,packed,0.50,0,0,0,0,0,0,0,0
du_upx_nrv__nrv,packed,nrv,switch_rule,packed,0.70,0,0,0,0,0,0,0,0
du_upx_nrv__nrv,packed,nrv,switch_rule,packed,0.90,0,0,0,0,0,0,0,0
du_upx_nrv__nrv,packed,nrv,switch_guard,packed,0.50,0,0,0,0,0,0,0,0
du_upx_nrv__nrv,packed,nrv,switch_guard,packed,0.70,0,0,0,0,0,0,0,0
du_upx_nrv__nrv,packed,nrv,switch_guard,packed,0.90,0,0,0,0,0,0,0,0
du_upx_nrv__nrv,packed,nrv,oracle,packed,0.50,0,0,0,0,0,0,0,0
du_upx_nrv__nrv,packed,nrv,oracle,packed,0.70,0,0,0,0,0,0,0,0
du_upx_nrv__nrv,packed,nrv,oracle,packed,0.90,0,0,0,0,0,0,0,0
base64_upx_lzma__lzma,packed,lzma,stale,benign,0.50,0,0,1,0,0,0,0,0
base64_upx_lzma__lzma,packed,lzma,stale,benign,0.70,0,0,1,0,0,0,0,0
base64_upx_lzma__lzma,packed,lzma,stale,benign,0.90,0,0,1,0,0,0,0,0
base64_upx_lzma__lzma,packed,lzma,switch_rule,packed,0.50,0,0,0,0,0,0,0,0
base64_upx_lzma__lzma,packed,lzma,switch_rule,packed,0.70,0,0,0,0,0,0,0,0
base64_upx_lzma__lzma,packed,lzma,switch_rule,packed,0.90,0,0,0,0,0,0,0,0
base64_upx_lzma__lzma,packed,lzma,switch_guard,packed,0.50,0,0,0,0,0,0,0,0
base64_upx_lzma__lzma,packed,lzma,switch_guard,packed,0.70,0,0,0,0,0,0,0,0
base64_upx_lzma__lzma,packed,lzma,switch_guard,packed,0.90,0,0,0,0,0,0,0,0
base64_upx_lzma__lzma,packed,lzma,oracle,packed,0.50,0,0,0,0,0,0,0,0
base64_upx_lzma__lzma,packed,lzma,oracle,packed,0.70,0,0,0,0,0,0,0,0
base64_upx_lzma__lzma,packed,lzma,oracle,packed,0.90,0,0,0,0,0,0,0,0
dir_upx_lzma__lzma,packed,lzma,stale,benign,0.50,0,0,1,0,0,0,0,0
dir_upx_lzma__lzma,packed,lzma,stale,benign,0.70,0,0,1,0,0,0,0,0
dir_upx_lzma__lzma,packed,lzma,stale,benign,0.90,0,0,1,0,0,0,0,0
dir_upx_lzma__lzma,packed,lzma,switch_rule,packed,0.50,0,0,0,0,0,0,0,0
dir_upx_lzma__lzma,packed,lzma,switch_rule,packed,0.70,0,0,0,0,0,0,0,0
dir_upx_lzma__lzma,packed,lzma,switch_rule,packed,0.90,0,0,0,0,0,0,0,0
dir_upx_lzma__lzma,packed,lzma,switch_guard,packed,0.50,0,0,0,0,0,0,0,0
dir_upx_lzma__lzma,packed,lzma,switch_guard,packed,0.70,0,0,0,0,0,0,0,0
dir_upx_lzma__lzma,packed,lzma,switch_guard,packed,0.90,0,0,0,0,0,0,0,0
dir_upx_lzma__lzma,packed,lzma,oracle,packed,0.50,0,0,0,0,0,0,0,0
dir_upx_lzma__lzma,packed,lzma,oracle,packed,0.70,0,0,0,0,0,0,0,0
dir_upx_lzma__lzma,packed,lzma,oracle,packed,0.90,0,0,0,0,0,0,0,0
p05_vm_baseline,benign,vmlegit,stale,benign,0.50,8,1,1,1,0,7,0,0
p05_vm_baseline,benign,vmlegit,stale,benign,0.70,8,1,1,1,0,7,0,0
p05_vm_baseline,benign,vmlegit,stale,benign,0.90,8,1,1,1,0,7,0,0
p05_vm_baseline,benign,vmlegit,switch_rule,benign,0.50,8,1,1,1,0,7,0,0
p05_vm_baseline,benign,vmlegit,switch_rule,benign,0.70,8,1,1,1,0,7,0,0
p05_vm_baseline,benign,vmlegit,switch_rule,benign,0.90,8,1,1,1,0,7,0,0
p05_vm_baseline,benign,vmlegit,switch_guard,benign,0.50,8,1,1,1,0,7,0,0
p05_vm_baseline,benign,vmlegit,switch_guard,benign,0.70,8,1,1,1,0,7,0,0
p05_vm_baseline,benign,vmlegit,switch_guard,benign,0.90,8,1,1,1,0,7,0,0
p05_vm_baseline,benign,vmlegit,oracle,benign,0.50,8,1,1,1,0,7,0,0
p05_vm_baseline,benign,vmlegit,oracle,benign,0.70,8,1,1,1,0,7,0,0
p05_vm_baseline,benign,vmlegit,oracle,benign,0.90,8,1,1,1,0,7,0,0
p05_vm_virt,benign,vmlegit,stale,benign,0.50,8,1,1,1,0,7,0,0
p05_vm_virt,benign,vmlegit,stale,benign,0.70,8,1,1,1,0,7,0,0
p05_vm_virt,benign,vmlegit,stale,benign,0.90,8,1,1,1,0,7,0,0
p05_vm_virt,benign,vmlegit,switch_rule,packed,0.50,8,1,0,0,0,8,0,0
p05_vm_virt,benign,vmlegit,switch_rule,packed,0.70,8,1,0,0,0,8,0,0
p05_vm_virt,benign,vmlegit,switch_rule,packed,0.90,8,1,0,0,0,8,0,0
p05_vm_virt,benign,vmlegit,switch_guard,benign,0.50,8,1,1,1,0,7,0,0
p05_vm_virt,benign,vmlegit,switch_guard,benign,0.70,8,1,1,1,0,7,0,0
p05_vm_virt,benign,vmlegit,switch_guard,benign,0.90,8,1,1,1,0,7,0,0
p05_vm_virt,benign,vmlegit,oracle,benign,0.50,8,1,1,1,0,7,0,0
p05_vm_virt,benign,vmlegit,oracle,benign,0.70,8,1,1,1,0,7,0,0
p05_vm_virt,benign,vmlegit,oracle,benign,0.90,8,1,1,1,0,7,0,0
vmbig,benign,vmlegit,stale,benign,0.50,10,2,2,2,0,8,0,0
vmbig,benign,vmlegit,stale,benign,0.70,10,2,2,2,0,8,0,0
vmbig,benign,vmlegit,stale,benign,0.90,10,2,2,2,0,8,0,0
vmbig,benign,vmlegit,switch_rule,packed,0.50,10,2,0,0,0,10,0,0
vmbig,benign,vmlegit,switch_rule,packed,0.70,10,2,0,0,0,10,0,0
vmbig,benign,vmlegit,switch_rule,packed,0.90,10,2,0,0,0,10,0,0
vmbig,benign,vmlegit,switch_guard,benign,0.50,10,2,2,2,0,8,0,0
vmbig,benign,vmlegit,switch_guard,benign,0.70,10,2,2,2,0,8,0,0
vmbig,benign,vmlegit,switch_guard,benign,0.90,10,2,2,2,0,8,0,0
vmbig,benign,vmlegit,oracle,benign,0.50,10,2,2,2,0,8,0,0
vmbig,benign,vmlegit,oracle,benign,0.70,10,2,2,2,0,8,0,0
vmbig,benign,vmlegit,oracle,benign,0.90,10,2,2,2,0,8,0,0
p02_insertsort,obfuscated,tigL,stale,benign,0.50,8,1,1,1,0,7,0,0
p02_insertsort,obfuscated,tigL,stale,benign,0.70,8,1,1,1,0,7,0,0
p02_insertsort,obfuscated,tigL,stale,benign,0.90,8,1,1,1,0,7,0,0
p02_insertsort,obfuscated,tigL,switch_rule,packed,0.50,8,1,0,0,0,8,0,0
p02_insertsort,obfuscated,tigL,switch_rule,packed,0.70,8,1,0,0,0,8,0,0
p02_insertsort,obfuscated,tigL,switch_rule,packed,0.90,8,1,0,0,0,8,0,0
p02_insertsort,obfuscated,tigL,switch_guard,benign,0.50,8,1,1,1,0,7,0,0
p02_insertsort,obfuscated,tigL,switch_guard,benign,0.70,8,1,1,1,0,7,0,0
p02_insertsort,obfuscated,tigL,switch_guard,benign,0.90,8,1,1,1,0,7,0,0
p02_insertsort,obfuscated,tigL,oracle,obfuscated,0.50,8,1,1,1,0,7,0,0
p02_insertsort,obfuscated,tigL,oracle,obfuscated,0.70,8,1,1,1,0,7,0,0
p02_insertsort,obfuscated,tigL,oracle,obfuscated,0.90,8,1,0,0,0,8,0,0
p02_insertsort,obfuscated,tigM,stale,benign,0.50,8,1,1,1,0,7,0,0
p02_insertsort,obfuscated,tigM,stale,benign,0.70,8,1,1,1,0,7,0,0
p02_insertsort,obfuscated,tigM,stale,benign,0.90,8,1,1,1,0,7,0,0
p02_insertsort,obfuscated,tigM,switch_rule,packed,0.50,8,1,0,0,0,8,0,0
p02_insertsort,obfuscated,tigM,switch_rule,packed,0.70,8,1,0,0,0,8,0,0
p02_insertsort,obfuscated,tigM,switch_rule,packed,0.90,8,1,0,0,0,8,0,0
p02_insertsort,obfuscated,tigM,switch_guard,benign,0.50,8,1,1,1,0,7,0,0
p02_insertsort,obfuscated,tigM,switch_guard,benign,0.70,8,1,1,1,0,7,0,0
p02_insertsort,obfuscated,tigM,switch_guard,benign,0.90,8,1,1,1,0,7,0,0
p02_insertsort,obfuscated,tigM,oracle,obfuscated,0.50,8,1,1,1,0,7,0,0
p02_insertsort,obfuscated,tigM,oracle,obfuscated,0.70,8,1,1,1,0,7,0,0
p02_insertsort,obfuscated,tigM,oracle,obfuscated,0.90,8,1,0,0,0,8,0,0
p02_insertsort,obfuscated,tigH,stale,benign,0.50,8,1,1,1,0,7,0,0
p02_insertsort,obfuscated,tigH,stale,benign,0.70,8,1,1,1,0,7,0,0
p02_insertsort,obfuscated,tigH,stale,benign,0.90,8,1,1,1,0,7,0,0
p02_insertsort,obfuscated,tigH,switch_rule,packed,0.50,8,1,0,0,0,8,0,0
p02_insertsort,obfuscated,tigH,switch_rule,packed,0.70,8,1,0,0,0,8,0,0
p02_insertsort,obfuscated,tigH,switch_rule,packed,0.90,8,1,0,0,0,8,0,0
p02_insertsort,obfuscated,tigH,switch_guard,benign,0.50,8,1,1,1,0,7,0,0
p02_insertsort,obfuscated,tigH,switch_guard,benign,0.70,8,1,1,1,0,7,0,0
p02_insertsort,obfuscated,tigH,switch_guard,benign,0.90,8,1,1,1,0,7,0,0
p02_insertsort,obfuscated,tigH,oracle,obfuscated,0.50,8,1,1,1,0,7,0,0
p02_insertsort,obfuscated,tigH,oracle,obfuscated,0.70,8,1,1,1,0,7,0,0
p02_insertsort,obfuscated,tigH,oracle,obfuscated,0.90,8,1,0,0,0,8,0,0
p06_parser,obfuscated,tigL,stale,benign,0.50,8,1,1,1,0,7,0,0
p06_parser,obfuscated,tigL,stale,benign,0.70,8,1,1,1,0,7,0,0
p06_parser,obfuscated,tigL,stale,benign,0.90,8,1,1,1,0,7,0,0
p06_parser,obfuscated,tigL,switch_rule,packed,0.50,8,1,0,0,0,8,0,0
p06_parser,obfuscated,tigL,switch_rule,packed,0.70,8,1,0,0,0,8,0,0
p06_parser,obfuscated,tigL,switch_rule,packed,0.90,8,1,0,0,0,8,0,0
p06_parser,obfuscated,tigL,switch_guard,benign,0.50,8,1,1,1,0,7,0,0
p06_parser,obfuscated,tigL,switch_guard,benign,0.70,8,1,1,1,0,7,0,0
p06_parser,obfuscated,tigL,switch_guard,benign,0.90,8,1,1,1,0,7,0,0
p06_parser,obfuscated,tigL,oracle,obfuscated,0.50,8,1,1,1,0,7,0,0
p06_parser,obfuscated,tigL,oracle,obfuscated,0.70,8,1,1,1,0,7,0,0
p06_parser,obfuscated,tigL,oracle,obfuscated,0.90,8,1,0,0,0,8,0,0
p06_parser,obfuscated,tigM,stale,benign,0.50,8,1,1,1,0,7,0,0
p06_parser,obfuscated,tigM,stale,benign,0.70,8,1,1,1,0,7,0,0
p06_parser,obfuscated,tigM,stale,benign,0.90,8,1,1,1,0,7,0,0
p06_parser,obfuscated,tigM,switch_rule,packed,0.50,8,1,0,0,0,8,0,0
p06_parser,obfuscated,tigM,switch_rule,packed,0.70,8,1,0,0,0,8,0,0
p06_parser,obfuscated,tigM,switch_rule,packed,0.90,8,1,0,0,0,8,0,0
p06_parser,obfuscated,tigM,switch_guard,benign,0.50,8,1,1,1,0,7,0,0
p06_parser,obfuscated,tigM,switch_guard,benign,0.70,8,1,1,1,0,7,0,0
p06_parser,obfuscated,tigM,switch_guard,benign,0.90,8,1,1,1,0,7,0,0
p06_parser,obfuscated,tigM,oracle,obfuscated,0.50,8,1,1,1,0,7,0,0
p06_parser,obfuscated,tigM,oracle,obfuscated,0.70,8,1,1,1,0,7,0,0
p06_parser,obfuscated,tigM,oracle,obfuscated,0.90,8,1,0,0,0,8,0,0
p06_parser,obfuscated,tigH,stale,benign,0.50,8,1,1,1,0,7,0,0
p06_parser,obfuscated,tigH,stale,benign,0.70,8,1,1,1,0,7,0,0
p06_parser,obfuscated,tigH,stale,benign,0.90,8,1,1,1,0,7,0,0
p06_parser,obfuscated,tigH,switch_rule,packed,0.50,8,1,0,0,0,8,0,0
p06_parser,obfuscated,tigH,switch_rule,packed,0.70,8,1,0,0,0,8,0,0
p06_parser,obfuscated,tigH,switch_rule,packed,0.90,8,1,0,0,0,8,0,0
p06_parser,obfuscated,tigH,switch_guard,benign,0.50,8,1,1,1,0,7,0,0
p06_parser,obfuscated,tigH,switch_guard,benign,0.70,8,1,1,1,0,7,0,0
p06_parser,obfuscated,tigH,switch_guard,benign,0.90,8,1,1,1,0,7,0,0
p06_parser,obfuscated,tigH,oracle,obfuscated,0.50,8,1,1,1,0,7,0,0
p06_parser,obfuscated,tigH,oracle,obfuscated,0.70,8,1,1,1,0,7,0,0
p06_parser,obfuscated,tigH,oracle,obfuscated,0.90,8,1,0,0,0,8,0,0
p05_vm,obfuscated,tigL,stale,benign,0.50,8,1,1,1,0,7,0,0
p05_vm,obfuscated,tigL,stale,benign,0.70,8,1,1,1,0,7,0,0
p05_vm,obfuscated,tigL,stale,benign,0.90,8,1,1,1,0,7,0,0
p05_vm,obfuscated,tigL,switch_rule,packed,0.50,8,1,0,0,0,8,0,0
p05_vm,obfuscated,tigL,switch_rule,packed,0.70,8,1,0,0,0,8,0,0
p05_vm,obfuscated,tigL,switch_rule,packed,0.90,8,1,0,0,0,8,0,0
p05_vm,obfuscated,tigL,switch_guard,benign,0.50,8,1,1,1,0,7,0,0
p05_vm,obfuscated,tigL,switch_guard,benign,0.70,8,1,1,1,0,7,0,0
p05_vm,obfuscated,tigL,switch_guard,benign,0.90,8,1,1,1,0,7,0,0
p05_vm,obfuscated,tigL,oracle,obfuscated,0.50,8,1,1,1,0,7,0,0
p05_vm,obfuscated,tigL,oracle,obfuscated,0.70,8,1,1,1,0,7,0,0
p05_vm,obfuscated,tigL,oracle,obfuscated,0.90,8,1,0,0,0,8,0,0
p05_vm,obfuscated,tigM,stale,benign,0.50,8,1,1,1,0,7,0,0
p05_vm,obfuscated,tigM,stale,benign,0.70,8,1,1,1,0,7,0,0
p05_vm,obfuscated,tigM,stale,benign,0.90,8,1,1,1,0,7,0,0
p05_vm,obfuscated,tigM,switch_rule,benign,0.50,8,1,1,1,0,7,0,0
p05_vm,obfuscated,tigM,switch_rule,benign,0.70,8,1,1,1,0,7,0,0
p05_vm,obfuscated,tigM,switch_rule,benign,0.90,8,1,1,1,0,7,0,0
p05_vm,obfuscated,tigM,switch_guard,benign,0.50,8,1,1,1,0,7,0,0
p05_vm,obfuscated,tigM,switch_guard,benign,0.70,8,1,1,1,0,7,0,0
p05_vm,obfuscated,tigM,switch_guard,benign,0.90,8,1,1,1,0,7,0,0
p05_vm,obfuscated,tigM,oracle,obfuscated,0.50,8,1,1,1,0,7,0,0
p05_vm,obfuscated,tigM,oracle,obfuscated,0.70,8,1,1,1,0,7,0,0
p05_vm,obfuscated,tigM,oracle,obfuscated,0.90,8,1,0,0,0,8,0,0
p05_vm,obfuscated,tigH,stale,benign,0.50,8,1,1,1,0,7,0,0
p05_vm,obfuscated,tigH,stale,benign,0.70,8,1,1,1,0,7,0,0
p05_vm,obfuscated,tigH,stale,benign,0.90,8,1,1,1,0,7,0,0
p05_vm,obfuscated,tigH,switch_rule,packed,0.50,8,1,0,0,0,8,0,0
p05_vm,obfuscated,tigH,switch_rule,packed,0.70,8,1,0,0,0,8,0,0
p05_vm,obfuscated,tigH,switch_rule,packed,0.90,8,1,0,0,0,8,0,0
p05_vm,obfuscated,tigH,switch_guard,benign,0.50,8,1,1,1,0,7,0,0
p05_vm,obfuscated,tigH,switch_guard,benign,0.70,8,1,1,1,0,7,0,0
p05_vm,obfuscated,tigH,switch_guard,benign,0.90,8,1,1,1,0,7,0,0
p05_vm,obfuscated,tigH,oracle,obfuscated,0.50,8,1,1,1,0,7,0,0
p05_vm,obfuscated,tigH,oracle,obfuscated,0.70,8,1,1,1,0,7,0,0
p05_vm,obfuscated,tigH,oracle,obfuscated,0.90,8,1,0,0,0,8,0,0
p01_statemachine,obfuscated,tigL,stale,benign,0.50,8,1,1,1,0,7,0,0
p01_statemachine,obfuscated,tigL,stale,benign,0.70,8,1,1,1,0,7,0,0
p01_statemachine,obfuscated,tigL,stale,benign,0.90,8,1,1,1,0,7,0,0
p01_statemachine,obfuscated,tigL,switch_rule,packed,0.50,8,1,0,0,0,8,0,0
p01_statemachine,obfuscated,tigL,switch_rule,packed,0.70,8,1,0,0,0,8,0,0
p01_statemachine,obfuscated,tigL,switch_rule,packed,0.90,8,1,0,0,0,8,0,0
p01_statemachine,obfuscated,tigL,switch_guard,benign,0.50,8,1,1,1,0,7,0,0
p01_statemachine,obfuscated,tigL,switch_guard,benign,0.70,8,1,1,1,0,7,0,0
p01_statemachine,obfuscated,tigL,switch_guard,benign,0.90,8,1,1,1,0,7,0,0
p01_statemachine,obfuscated,tigL,oracle,obfuscated,0.50,8,1,1,1,0,7,0,0
p01_statemachine,obfuscated,tigL,oracle,obfuscated,0.70,8,1,1,1,0,7,0,0
p01_statemachine,obfuscated,tigL,oracle,obfuscated,0.90,8,1,0,0,0,8,0,0
p01_statemachine,obfuscated,tigM,stale,benign,0.50,8,1,1,1,0,7,0,0
p01_statemachine,obfuscated,tigM,stale,benign,0.70,8,1,1,1,0,7,0,0
p01_statemachine,obfuscated,tigM,stale,benign,0.90,8,1,1,1,0,7,0,0
p01_statemachine,obfuscated,tigM,switch_rule,benign,0.50,8,1,1,1,0,7,0,0
p01_statemachine,obfuscated,tigM,switch_rule,benign,0.70,8,1,1,1,0,7,0,0
p01_statemachine,obfuscated,tigM,switch_rule,benign,0.90,8,1,1,1,0,7,0,0
p01_statemachine,obfuscated,tigM,switch_guard,benign,0.50,8,1,1,1,0,7,0,0
p01_statemachine,obfuscated,tigM,switch_guard,benign,0.70,8,1,1,1,0,7,0,0
p01_statemachine,obfuscated,tigM,switch_guard,benign,0.90,8,1,1,1,0,7,0,0
p01_statemachine,obfuscated,tigM,oracle,obfuscated,0.50,8,1,1,1,0,7,0,0
p01_statemachine,obfuscated,tigM,oracle,obfuscated,0.70,8,1,1,1,0,7,0,0
p01_statemachine,obfuscated,tigM,oracle,obfuscated,0.90,8,1,0,0,0,8,0,0
p01_statemachine,obfuscated,tigH,stale,benign,0.50,8,1,1,1,0,7,0,0
p01_statemachine,obfuscated,tigH,stale,benign,0.70,8,1,1,1,0,7,0,0
p01_statemachine,obfuscated,tigH,stale,benign,0.90,8,1,1,1,0,7,0,0
p01_statemachine,obfuscated,tigH,switch_rule,packed,0.50,8,1,0,0,0,8,0,0
p01_statemachine,obfuscated,tigH,switch_rule,packed,0.70,8,1,0,0,0,8,0,0
p01_statemachine,obfuscated,tigH,switch_rule,packed,0.90,8,1,0,0,0,8,0,0
p01_statemachine,obfuscated,tigH,switch_guard,benign,0.50,8,1,1,1,0,7,0,0
p01_statemachine,obfuscated,tigH,switch_guard,benign,0.70,8,1,1,1,0,7,0,0
p01_statemachine,obfuscated,tigH,switch_guard,benign,0.90,8,1,1,1,0,7,0,0
p01_statemachine,obfuscated,tigH,oracle,obfuscated,0.50,8,1,1,1,0,7,0,0
p01_statemachine,obfuscated,tigH,oracle,obfuscated,0.70,8,1,1,1,0,7,0,0
p01_statemachine,obfuscated,tigH,oracle,obfuscated,0.90,8,1,0,0,0,8,0,0
p10_collatz,obfuscated,tigL,stale,benign,0.50,8,1,1,1,0,7,0,0
p10_collatz,obfuscated,tigL,stale,benign,0.70,8,1,1,1,0,7,0,0
p10_collatz,obfuscated,tigL,stale,benign,0.90,8,1,1,1,0,7,0,0
p10_collatz,obfuscated,tigL,switch_rule,packed,0.50,8,1,0,0,0,8,0,0
p10_collatz,obfuscated,tigL,switch_rule,packed,0.70,8,1,0,0,0,8,0,0
p10_collatz,obfuscated,tigL,switch_rule,packed,0.90,8,1,0,0,0,8,0,0
p10_collatz,obfuscated,tigL,switch_guard,benign,0.50,8,1,1,1,0,7,0,0
p10_collatz,obfuscated,tigL,switch_guard,benign,0.70,8,1,1,1,0,7,0,0
p10_collatz,obfuscated,tigL,switch_guard,benign,0.90,8,1,1,1,0,7,0,0
p10_collatz,obfuscated,tigL,oracle,obfuscated,0.50,8,1,1,1,0,7,0,0
p10_collatz,obfuscated,tigL,oracle,obfuscated,0.70,8,1,1,1,0,7,0,0
p10_collatz,obfuscated,tigL,oracle,obfuscated,0.90,8,1,0,0,0,8,0,0
p10_collatz,obfuscated,tigM,stale,benign,0.50,8,1,1,1,0,7,0,0
p10_collatz,obfuscated,tigM,stale,benign,0.70,8,1,1,1,0,7,0,0
p10_collatz,obfuscated,tigM,stale,benign,0.90,8,1,1,1,0,7,0,0
p10_collatz,obfuscated,tigM,switch_rule,benign,0.50,8,1,1,1,0,7,0,0
p10_collatz,obfuscated,tigM,switch_rule,benign,0.70,8,1,1,1,0,7,0,0
p10_collatz,obfuscated,tigM,switch_rule,benign,0.90,8,1,1,1,0,7,0,0
p10_collatz,obfuscated,tigM,switch_guard,benign,0.50,8,1,1,1,0,7,0,0
p10_collatz,obfuscated,tigM,switch_guard,benign,0.70,8,1,1,1,0,7,0,0
p10_collatz,obfuscated,tigM,switch_guard,benign,0.90,8,1,1,1,0,7,0,0
p10_collatz,obfuscated,tigM,oracle,obfuscated,0.50,8,1,1,1,0,7,0,0
p10_collatz,obfuscated,tigM,oracle,obfuscated,0.70,8,1,1,1,0,7,0,0
p10_collatz,obfuscated,tigM,oracle,obfuscated,0.90,8,1,0,0,0,8,0,0
p10_collatz,obfuscated,tigH,stale,benign,0.50,8,1,1,1,0,7,0,0
p10_collatz,obfuscated,tigH,stale,benign,0.70,8,1,1,1,0,7,0,0
p10_collatz,obfuscated,tigH,stale,benign,0.90,8,1,1,1,0,7,0,0
p10_collatz,obfuscated,tigH,switch_rule,packed,0.50,8,1,0,0,0,8,0,0
p10_collatz,obfuscated,tigH,switch_rule,packed,0.70,8,1,0,0,0,8,0,0
p10_collatz,obfuscated,tigH,switch_rule,packed,0.90,8,1,0,0,0,8,0,0
p10_collatz,obfuscated,tigH,switch_guard,benign,0.50,8,1,1,1,0,7,0,0
p10_collatz,obfuscated,tigH,switch_guard,benign,0.70,8,1,1,1,0,7,0,0
p10_collatz,obfuscated,tigH,switch_guard,benign,0.90,8,1,1,1,0,7,0,0
p10_collatz,obfuscated,tigH,oracle,obfuscated,0.50,8,1,1,1,0,7,0,0
p10_collatz,obfuscated,tigH,oracle,obfuscated,0.70,8,1,1,1,0,7,0,0
p10_collatz,obfuscated,tigH,oracle,obfuscated,0.90,8,1,0,0,0,8,0,0
p09_matmul,obfuscated,tigL,stale,benign,0.50,8,1,1,1,0,7,0,0
p09_matmul,obfuscated,tigL,stale,benign,0.70,8,1,1,1,0,7,0,0
p09_matmul,obfuscated,tigL,stale,benign,0.90,8,1,1,1,0,7,0,0
p09_matmul,obfuscated,tigL,switch_rule,packed,0.50,8,1,0,0,0,8,0,0
p09_matmul,obfuscated,tigL,switch_rule,packed,0.70,8,1,0,0,0,8,0,0
p09_matmul,obfuscated,tigL,switch_rule,packed,0.90,8,1,0,0,0,8,0,0
p09_matmul,obfuscated,tigL,switch_guard,benign,0.50,8,1,1,1,0,7,0,0
p09_matmul,obfuscated,tigL,switch_guard,benign,0.70,8,1,1,1,0,7,0,0
p09_matmul,obfuscated,tigL,switch_guard,benign,0.90,8,1,1,1,0,7,0,0
p09_matmul,obfuscated,tigL,oracle,obfuscated,0.50,8,1,1,1,0,7,0,0
p09_matmul,obfuscated,tigL,oracle,obfuscated,0.70,8,1,1,1,0,7,0,0
p09_matmul,obfuscated,tigL,oracle,obfuscated,0.90,8,1,0,0,0,8,0,0
p09_matmul,obfuscated,tigM,stale,benign,0.50,8,1,1,1,0,7,0,0
p09_matmul,obfuscated,tigM,stale,benign,0.70,8,1,1,1,0,7,0,0
p09_matmul,obfuscated,tigM,stale,benign,0.90,8,1,1,1,0,7,0,0
p09_matmul,obfuscated,tigM,switch_rule,benign,0.50,8,1,1,1,0,7,0,0
p09_matmul,obfuscated,tigM,switch_rule,benign,0.70,8,1,1,1,0,7,0,0
p09_matmul,obfuscated,tigM,switch_rule,benign,0.90,8,1,1,1,0,7,0,0
p09_matmul,obfuscated,tigM,switch_guard,benign,0.50,8,1,1,1,0,7,0,0
p09_matmul,obfuscated,tigM,switch_guard,benign,0.70,8,1,1,1,0,7,0,0
p09_matmul,obfuscated,tigM,switch_guard,benign,0.90,8,1,1,1,0,7,0,0
p09_matmul,obfuscated,tigM,oracle,obfuscated,0.50,8,1,1,1,0,7,0,0
p09_matmul,obfuscated,tigM,oracle,obfuscated,0.70,8,1,1,1,0,7,0,0
p09_matmul,obfuscated,tigM,oracle,obfuscated,0.90,8,1,0,0,0,8,0,0
p09_matmul,obfuscated,tigH,stale,benign,0.50,8,1,1,1,0,7,0,0
p09_matmul,obfuscated,tigH,stale,benign,0.70,8,1,1,1,0,7,0,0
p09_matmul,obfuscated,tigH,stale,benign,0.90,8,1,1,1,0,7,0,0
p09_matmul,obfuscated,tigH,switch_rule,packed,0.50,8,1,0,0,0,8,0,0
p09_matmul,obfuscated,tigH,switch_rule,packed,0.70,8,1,0,0,0,8,0,0
p09_matmul,obfuscated,tigH,switch_rule,packed,0.90,8,1,0,0,0,8,0,0
p09_matmul,obfuscated,tigH,switch_guard,benign,0.50,8,1,1,1,0,7,0,0
p09_matmul,obfuscated,tigH,switch_guard,benign,0.70,8,1,1,1,0,7,0,0
p09_matmul,obfuscated,tigH,switch_guard,benign,0.90,8,1,1,1,0,7,0,0
p09_matmul,obfuscated,tigH,oracle,obfuscated,0.50,8,1,1,1,0,7,0,0
p09_matmul,obfuscated,tigH,oracle,obfuscated,0.70,8,1,1,1,0,7,0,0
p09_matmul,obfuscated,tigH,oracle,obfuscated,0.90,8,1,0,0,0,8,0,0
p12_modpow,obfuscated,tigL,stale,benign,0.50,8,1,1,1,0,7,0,0
p12_modpow,obfuscated,tigL,stale,benign,0.70,8,1,1,1,0,7,0,0
p12_modpow,obfuscated,tigL,stale,benign,0.90,8,1,1,1,0,7,0,0
p12_modpow,obfuscated,tigL,switch_rule,packed,0.50,8,1,0,0,0,8,0,0
p12_modpow,obfuscated,tigL,switch_rule,packed,0.70,8,1,0,0,0,8,0,0
p12_modpow,obfuscated,tigL,switch_rule,packed,0.90,8,1,0,0,0,8,0,0
p12_modpow,obfuscated,tigL,switch_guard,benign,0.50,8,1,1,1,0,7,0,0
p12_modpow,obfuscated,tigL,switch_guard,benign,0.70,8,1,1,1,0,7,0,0
p12_modpow,obfuscated,tigL,switch_guard,benign,0.90,8,1,1,1,0,7,0,0
p12_modpow,obfuscated,tigL,oracle,obfuscated,0.50,8,1,1,1,0,7,0,0
p12_modpow,obfuscated,tigL,oracle,obfuscated,0.70,8,1,1,1,0,7,0,0
p12_modpow,obfuscated,tigL,oracle,obfuscated,0.90,8,1,0,0,0,8,0,0
p12_modpow,obfuscated,tigM,stale,benign,0.50,8,1,1,1,0,7,0,0
p12_modpow,obfuscated,tigM,stale,benign,0.70,8,1,1,1,0,7,0,0
p12_modpow,obfuscated,tigM,stale,benign,0.90,8,1,1,1,0,7,0,0
p12_modpow,obfuscated,tigM,switch_rule,packed,0.50,8,1,0,0,0,8,0,0
p12_modpow,obfuscated,tigM,switch_rule,packed,0.70,8,1,0,0,0,8,0,0
p12_modpow,obfuscated,tigM,switch_rule,packed,0.90,8,1,0,0,0,8,0,0
p12_modpow,obfuscated,tigM,switch_guard,benign,0.50,8,1,1,1,0,7,0,0
p12_modpow,obfuscated,tigM,switch_guard,benign,0.70,8,1,1,1,0,7,0,0
p12_modpow,obfuscated,tigM,switch_guard,benign,0.90,8,1,1,1,0,7,0,0
p12_modpow,obfuscated,tigM,oracle,obfuscated,0.50,8,1,1,1,0,7,0,0
p12_modpow,obfuscated,tigM,oracle,obfuscated,0.70,8,1,1,1,0,7,0,0
p12_modpow,obfuscated,tigM,oracle,obfuscated,0.90,8,1,0,0,0,8,0,0
p12_modpow,obfuscated,tigH,stale,benign,0.50,8,1,1,1,0,7,0,0
p12_modpow,obfuscated,tigH,stale,benign,0.70,8,1,1,1,0,7,0,0
p12_modpow,obfuscated,tigH,stale,benign,0.90,8,1,1,1,0,7,0,0
p12_modpow,obfuscated,tigH,switch_rule,packed,0.50,8,1,0,0,0,8,0,0
p12_modpow,obfuscated,tigH,switch_rule,packed,0.70,8,1,0,0,0,8,0,0
p12_modpow,obfuscated,tigH,switch_rule,packed,0.90,8,1,0,0,0,8,0,0
p12_modpow,obfuscated,tigH,switch_guard,benign,0.50,8,1,1,1,0,7,0,0
p12_modpow,obfuscated,tigH,switch_guard,benign,0.70,8,1,1,1,0,7,0,0
p12_modpow,obfuscated,tigH,switch_guard,benign,0.90,8,1,1,1,0,7,0,0
p12_modpow,obfuscated,tigH,oracle,obfuscated,0.50,8,1,1,1,0,7,0,0
p12_modpow,obfuscated,tigH,oracle,obfuscated,0.70,8,1,1,1,0,7,0,0
p12_modpow,obfuscated,tigH,oracle,obfuscated,0.90,8,1,0,0,0,8,0,0
p08_binsearch,obfuscated,tigL,stale,benign,0.50,8,1,1,1,0,7,0,0
p08_binsearch,obfuscated,tigL,stale,benign,0.70,8,1,1,1,0,7,0,0
p08_binsearch,obfuscated,tigL,stale,benign,0.90,8,1,1,1,0,7,0,0
p08_binsearch,obfuscated,tigL,switch_rule,packed,0.50,8,1,0,0,0,8,0,0
p08_binsearch,obfuscated,tigL,switch_rule,packed,0.70,8,1,0,0,0,8,0,0
p08_binsearch,obfuscated,tigL,switch_rule,packed,0.90,8,1,0,0,0,8,0,0
p08_binsearch,obfuscated,tigL,switch_guard,benign,0.50,8,1,1,1,0,7,0,0
p08_binsearch,obfuscated,tigL,switch_guard,benign,0.70,8,1,1,1,0,7,0,0
p08_binsearch,obfuscated,tigL,switch_guard,benign,0.90,8,1,1,1,0,7,0,0
p08_binsearch,obfuscated,tigL,oracle,obfuscated,0.50,8,1,1,1,0,7,0,0
p08_binsearch,obfuscated,tigL,oracle,obfuscated,0.70,8,1,1,1,0,7,0,0
p08_binsearch,obfuscated,tigL,oracle,obfuscated,0.90,8,1,0,0,0,8,0,0
p08_binsearch,obfuscated,tigM,stale,benign,0.50,8,1,1,1,0,7,0,0
p08_binsearch,obfuscated,tigM,stale,benign,0.70,8,1,1,1,0,7,0,0
p08_binsearch,obfuscated,tigM,stale,benign,0.90,8,1,1,1,0,7,0,0
p08_binsearch,obfuscated,tigM,switch_rule,packed,0.50,8,1,0,0,0,8,0,0
p08_binsearch,obfuscated,tigM,switch_rule,packed,0.70,8,1,0,0,0,8,0,0
p08_binsearch,obfuscated,tigM,switch_rule,packed,0.90,8,1,0,0,0,8,0,0
p08_binsearch,obfuscated,tigM,switch_guard,benign,0.50,8,1,1,1,0,7,0,0
p08_binsearch,obfuscated,tigM,switch_guard,benign,0.70,8,1,1,1,0,7,0,0
p08_binsearch,obfuscated,tigM,switch_guard,benign,0.90,8,1,1,1,0,7,0,0
p08_binsearch,obfuscated,tigM,oracle,obfuscated,0.50,8,1,1,1,0,7,0,0
p08_binsearch,obfuscated,tigM,oracle,obfuscated,0.70,8,1,1,1,0,7,0,0
p08_binsearch,obfuscated,tigM,oracle,obfuscated,0.90,8,1,0,0,0,8,0,0
p08_binsearch,obfuscated,tigH,stale,benign,0.50,8,1,1,1,0,7,0,0
p08_binsearch,obfuscated,tigH,stale,benign,0.70,8,1,1,1,0,7,0,0
p08_binsearch,obfuscated,tigH,stale,benign,0.90,8,1,1,1,0,7,0,0
p08_binsearch,obfuscated,tigH,switch_rule,packed,0.50,8,1,0,0,0,8,0,0
p08_binsearch,obfuscated,tigH,switch_rule,packed,0.70,8,1,0,0,0,8,0,0
p08_binsearch,obfuscated,tigH,switch_rule,packed,0.90,8,1,0,0,0,8,0,0
p08_binsearch,obfuscated,tigH,switch_guard,benign,0.50,8,1,1,1,0,7,0,0
p08_binsearch,obfuscated,tigH,switch_guard,benign,0.70,8,1,1,1,0,7,0,0
p08_binsearch,obfuscated,tigH,switch_guard,benign,0.90,8,1,1,1,0,7,0,0
p08_binsearch,obfuscated,tigH,oracle,obfuscated,0.50,8,1,1,1,0,7,0,0
p08_binsearch,obfuscated,tigH,oracle,obfuscated,0.70,8,1,1,1,0,7,0,0
p08_binsearch,obfuscated,tigH,oracle,obfuscated,0.90,8,1,0,0,0,8,0,0
p07_crc,obfuscated,tigL,stale,benign,0.50,8,1,1,1,0,7,0,0
p07_crc,obfuscated,tigL,stale,benign,0.70,8,1,1,1,0,7,0,0
p07_crc,obfuscated,tigL,stale,benign,0.90,8,1,1,1,0,7,0,0
p07_crc,obfuscated,tigL,switch_rule,packed,0.50,8,1,0,0,0,8,0,0
p07_crc,obfuscated,tigL,switch_rule,packed,0.70,8,1,0,0,0,8,0,0
p07_crc,obfuscated,tigL,switch_rule,packed,0.90,8,1,0,0,0,8,0,0
p07_crc,obfuscated,tigL,switch_guard,benign,0.50,8,1,1,1,0,7,0,0
p07_crc,obfuscated,tigL,switch_guard,benign,0.70,8,1,1,1,0,7,0,0
p07_crc,obfuscated,tigL,switch_guard,benign,0.90,8,1,1,1,0,7,0,0
p07_crc,obfuscated,tigL,oracle,obfuscated,0.50,8,1,1,1,0,7,0,0
p07_crc,obfuscated,tigL,oracle,obfuscated,0.70,8,1,1,1,0,7,0,0
p07_crc,obfuscated,tigL,oracle,obfuscated,0.90,8,1,0,0,0,8,0,0
p07_crc,obfuscated,tigM,stale,benign,0.50,8,1,1,1,0,7,0,0
p07_crc,obfuscated,tigM,stale,benign,0.70,8,1,1,1,0,7,0,0
p07_crc,obfuscated,tigM,stale,benign,0.90,8,1,1,1,0,7,0,0
p07_crc,obfuscated,tigM,switch_rule,packed,0.50,8,1,0,0,0,8,0,0
p07_crc,obfuscated,tigM,switch_rule,packed,0.70,8,1,0,0,0,8,0,0
p07_crc,obfuscated,tigM,switch_rule,packed,0.90,8,1,0,0,0,8,0,0
p07_crc,obfuscated,tigM,switch_guard,benign,0.50,8,1,1,1,0,7,0,0
p07_crc,obfuscated,tigM,switch_guard,benign,0.70,8,1,1,1,0,7,0,0
p07_crc,obfuscated,tigM,switch_guard,benign,0.90,8,1,1,1,0,7,0,0
p07_crc,obfuscated,tigM,oracle,obfuscated,0.50,8,1,1,1,0,7,0,0
p07_crc,obfuscated,tigM,oracle,obfuscated,0.70,8,1,1,1,0,7,0,0
p07_crc,obfuscated,tigM,oracle,obfuscated,0.90,8,1,0,0,0,8,0,0
p07_crc,obfuscated,tigH,stale,benign,0.50,8,1,1,1,0,7,0,0
p07_crc,obfuscated,tigH,stale,benign,0.70,8,1,1,1,0,7,0,0
p07_crc,obfuscated,tigH,stale,benign,0.90,8,1,1,1,0,7,0,0
p07_crc,obfuscated,tigH,switch_rule,packed,0.50,8,1,0,0,0,8,0,0
p07_crc,obfuscated,tigH,switch_rule,packed,0.70,8,1,0,0,0,8,0,0
p07_crc,obfuscated,tigH,switch_rule,packed,0.90,8,1,0,0,0,8,0,0
p07_crc,obfuscated,tigH,switch_guard,benign,0.50,8,1,1,1,0,7,0,0
p07_crc,obfuscated,tigH,switch_guard,benign,0.70,8,1,1,1,0,7,0,0
p07_crc,obfuscated,tigH,switch_guard,benign,0.90,8,1,1,1,0,7,0,0
p07_crc,obfuscated,tigH,oracle,obfuscated,0.50,8,1,1,1,0,7,0,0
p07_crc,obfuscated,tigH,oracle,obfuscated,0.70,8,1,1,1,0,7,0,0
p07_crc,obfuscated,tigH,oracle,obfuscated,0.90,8,1,0,0,0,8,0,0
