name,regime,sublabel,arm,pick,tau,n_cand,n_pos,n_accept,tp,fp,fn,n_window,win_accept
icc_coreutils_64_O0_mknod,benign,clean,stale,benign,0.50,21704,6499,6567,6359,208,140,0,0
icc_coreutils_64_O0_mknod,benign,clean,stale,benign,0.70,21704,6499,6142,6089,53,410,0,0
icc_coreutils_64_O0_mknod,benign,clean,stale,benign,0.90,21704,6499,5920,5909,11,590,0,0
icc_coreutils_64_O0_mknod,benign,clean,switch_rule,benign,0.50,21704,6499,6567,6359,208,140,0,0
icc_coreutils_64_O0_mknod,benign,clean,switch_rule,benign,0.70,21704,6499,6142,6089,53,410,0,0
icc_coreutils_64_O0_mknod,benign,clean,switch_rule,benign,0.90,21704,6499,5920,5909,11,590,0,0
icc_coreutils_64_O0_mknod,benign,clean,switch_guard,benign,0.50,21704,6499,6567,6359,208,140,0,0
icc_coreutils_64_O0_mknod,benign,clean,switch_guard,benign,0.70,21704,6499,6142,6089,53,410,0,0
icc_coreutils_64_O0_mknod,benign,clean,switch_guard,benign,0.90,21704,6499,5920,5909,11,590,0,0
icc_coreutils_64_O0_mknod,benign,clean,oracle,benign,0.50,21704,6499,6567,6359,208,140,0,0
icc_coreutils_64_O0_mknod,benign,clean,oracle,benign,0.70,21704,6499,6142,6089,53,410,0,0
icc_coreutils_64_O0_mknod,benign,clean,oracle,benign,0.90,21704,6499,5920,5909,11,590,0,0
icc_coreutils_64_O0_logname,benign,clean,stale,benign,0.50,17869,5314,5366,5196,170,118,0,0
icc_coreutils_64_O0_logname,benign,clean,stale,benign,0.70,17869,5314,4999,4944,55,370,0,0
icc_coreutils_64_O0_logname,benign,clean,stale,benign,0.90,17869,5314,4768,4756,12,558,0,0
icc_coreutils_64_O0_logname,benign,clean,switch_rule,benign,0.50,17869,5314,5366,5196,170,118,0,0
icc_coreutils_64_O0_logname,benign,clean,switch_rule,benign,0.70,17869,5314,4999,4944,55,370,0,0
icc_coreutils_64_O0_logname,benign,clean,switch_rule,benign,0.90,17869,5314,4768,4756,12,558,0,0
icc_coreutils_64_O0_logname,benign,clean,switch_guard,benign,0.50,17869,5314,5366,5196,170,118,0,0
icc_coreutils_64_O0_logname,benign,clean,switch_guard,benign,0.70,17869,5314,4999,4944,55,370,0,0
icc_coreutils_64_O0_logname,benign,clean,switch_guard,benign,0.90,17869,5314,4768,4756,12,558,0,0
icc_coreutils_64_O0_logname,benign,clean,oracle,benign,0.50,17869,5314,5366,5196,170,118,0,0
icc_coreutils_64_O0_logname,benign,clean,oracle,benign,0.70,17869,5314,4999,4944,55,370,0,0
icc_coreutils_64_O0_logname,benign,clean,oracle,benign,0.90,17869,5314,4768,4756,12,558,0,0
icc_coreutils_64_O2_getlimits,benign,clean,stale,benign,0.50,29374,7746,7821,7505,316,241,0,0
icc_coreutils_64_O2_getlimits,benign,clean,stale,benign,0.70,29374,7746,7172,7137,35,609,0,0
icc_coreutils_64_O2_getlimits,benign,clean,stale,benign,0.90,29374,7746,7040,7024,16,722,0,0
icc_coreutils_64_O2_getlimits,benign,clean,switch_rule,benign,0.50,29374,7746,7821,7505,316,241,0,0
icc_coreutils_64_O2_getlimits,benign,clean,switch_rule,benign,0.70,29374,7746,7172,7137,35,609,0,0
icc_coreutils_64_O2_getlimits,benign,clean,switch_rule,benign,0.90,29374,7746,7040,7024,16,722,0,0
icc_coreutils_64_O2_getlimits,benign,clean,switch_guard,benign,0.50,29374,7746,7821,7505,316,241,0,0
icc_coreutils_64_O2_getlimits,benign,clean,switch_guard,benign,0.70,29374,7746,7172,7137,35,609,0,0
icc_coreutils_64_O2_getlimits,benign,clean,switch_guard,benign,0.90,29374,7746,7040,7024,16,722,0,0
icc_coreutils_64_O2_getlimits,benign,clean,oracle,benign,0.50,29374,7746,7821,7505,316,241,0,0
icc_coreutils_64_O2_getlimits,benign,clean,oracle,benign,0.70,29374,7746,7172,7137,35,609,0,0
icc_coreutils_64_O2_getlimits,benign,clean,oracle,benign,0.90,29374,7746,7040,7024,16,722,0,0
icc_coreutils_64_O0_pwd,benign,clean,stale,benign,0.50,21195,6322,6370,6198,172,124,0,0
icc_coreutils_64_O0_pwd,benign,clean,stale,benign,0.70,21195,6322,6009,5948,61,374,0,0
icc_coreutils_64_O0_pwd,benign,clean,stale,benign,0.90,21195,6322,5783,5770,13,552,0,0
icc_coreutils_64_O0_pwd,benign,clean,switch_rule,benign,0.50,21195,6322,6370,6198,172,124,0,0
icc_coreutils_64_O0_pwd,benign,clean,switch_rule,benign,0.70,21195,6322,6009,5948,61,374,0,0
icc_coreutils_64_O0_pwd,benign,clean,switch_rule,benign,0.90,21195,6322,5783,5770,13,552,0,0
icc_coreutils_64_O0_pwd,benign,clean,switch_guard,benign,0.50,21195,6322,6370,6198,172,124,0,0
icc_coreutils_64_O0_pwd,benign,clean,switch_guard,benign,0.70,21195,6322,6009,5948,61,374,0,0
icc_coreutils_64_O0_pwd,benign,clean,switch_guard,benign,0.90,21195,6322,5783,5770,13,552,0,0
icc_coreutils_64_O0_pwd,benign,clean,oracle,benign,0.50,21195,6322,6370,6198,172,124,0,0
icc_coreutils_64_O0_pwd,benign,clean,oracle,benign,0.70,21195,6322,6009,5948,61,374,0,0
icc_coreutils_64_O0_pwd,benign,clean,oracle,benign,0.90,21195,6322,5783,5770,13,552,0,0
gcc_coreutils_64_O2_mktemp,benign,clean,stale,benign,0.50,20162,5683,5744,5460,284,223,0,0
gcc_coreutils_64_O2_mktemp,benign,clean,stale,benign,0.70,20162,5683,5185,5148,37,535,0,0
gcc_coreutils_64_O2_mktemp,benign,clean,stale,benign,0.90,20162,5683,5050,5038,12,645,0,0
gcc_coreutils_64_O2_mktemp,benign,clean,switch_rule,benign,0.50,20162,5683,5744,5460,284,223,0,0
gcc_coreutils_64_O2_mktemp,benign,clean,switch_rule,benign,0.70,20162,5683,5185,5148,37,535,0,0
gcc_coreutils_64_O2_mktemp,benign,clean,switch_rule,benign,0.90,20162,5683,5050,5038,12,645,0,0
gcc_coreutils_64_O2_mktemp,benign,clean,switch_guard,benign,0.50,20162,5683,5744,5460,284,223,0,0
gcc_coreutils_64_O2_mktemp,benign,clean,switch_guard,benign,0.70,20162,5683,5185,5148,37,535,0,0
gcc_coreutils_64_O2_mktemp,benign,clean,switch_guard,benign,0.90,20162,5683,5050,5038,12,645,0,0
gcc_coreutils_64_O2_mktemp,benign,clean,oracle,benign,0.50,20162,5683,5744,5460,284,223,0,0
gcc_coreutils_64_O2_mktemp,benign,clean,oracle,benign,0.70,20162,5683,5185,5148,37,535,0,0
gcc_coreutils_64_O2_mktemp,benign,clean,oracle,benign,0.90,20162,5683,5050,5038,12,645,0,0
gcc_coreutils_64_O2_dirname,benign,clean,stale,benign,0.50,14582,4067,4135,3879,256,188,0,0
gcc_coreutils_64_O2_dirname,benign,clean,stale,benign,0.70,14582,4067,3650,3608,42,459,0,0
gcc_coreutils_64_O2_dirname,benign,clean,stale,benign,0.90,14582,4067,3522,3506,16,561,0,0
gcc_coreutils_64_O2_dirname,benign,clean,switch_rule,benign,0.50,14582,4067,4135,3879,256,188,0,0
gcc_coreutils_64_O2_dirname,benign,clean,switch_rule,benign,0.70,14582,4067,3650,3608,42,459,0,0
gcc_coreutils_64_O2_dirname,benign,clean,switch_rule,benign,0.90,14582,4067,3522,3506,16,561,0,0
gcc_coreutils_64_O2_dirname,benign,clean,switch_guard,benign,0.50,14582,4067,4135,3879,256,188,0,0
gcc_coreutils_64_O2_dirname,benign,clean,switch_guard,benign,0.70,14582,4067,3650,3608,42,459,0,0
gcc_coreutils_64_O2_dirname,benign,clean,switch_guard,benign,0.90,14582,4067,3522,3506,16,561,0,0
gcc_coreutils_64_O2_dirname,benign,clean,oracle,benign,0.50,14582,4067,4135,3879,256,188,0,0
gcc_coreutils_64_O2_dirname,benign,clean,oracle,benign,0.70,14582,4067,3650,3608,42,459,0,0
gcc_coreutils_64_O2_dirname,benign,clean,oracle,benign,0.90,14582,4067,3522,3506,16,561,0,0
gcc_coreutils_64_O2_vdir,benign,clean,stale,benign,0.50,61575,16921,17227,16217,1010,704,0,0
gcc_coreutils_64_O2_vdir,benign,clean,stale,benign,0.70,61575,16921,15151,15050,101,1871,0,0
gcc_coreutils_64_O2_vdir,benign,clean,stale,benign,0.90,61575,16921,14646,14619,27,2302,0,0
gcc_coreutils_64_O2_vdir,benign,clean,switch_rule,benign,0.50,61575,16921,17227,16217,1010,704,0,0
gcc_coreutils_64_O2_vdir,benign,clean,switch_rule,benign,0.70,61575,16921,15151,15050,101,1871,0,0
gcc_coreutils_64_O2_vdir,benign,clean,switch_rule,benign,0.90,61575,16921,14646,14619,27,2302,0,0
gcc_coreutils_64_O2_vdir,benign,clean,switch_guard,benign,0.50,61575,16921,17227,16217,1010,704,0,0
gcc_coreutils_64_O2_vdir,benign,clean,switch_guard,benign,0.70,61575,16921,15151,15050,101,1871,0,0
gcc_coreutils_64_O2_vdir,benign,clean,switch_guard,benign,0.90,61575,16921,14646,14619,27,2302,0,0
gcc_coreutils_64_O2_vdir,benign,clean,oracle,benign,0.50,61575,16921,17227,16217,1010,704,0,0
gcc_coreutils_64_O2_vdir,benign,clean,oracle,benign,0.70,61575,16921,15151,15050,101,1871,0,0
gcc_coreutils_64_O2_vdir,benign,clean,oracle,benign,0.90,61575,16921,14646,14619,27,2302,0,0
icc_coreutils_64_O3_unexpand,benign,clean,stale,benign,0.50,24698,6510,6639,6281,358,229,0,0
icc_coreutils_64_O3_unexpand,benign,clean,stale,benign,0.70,24698,6510,5981,5940,41,570,0,0
icc_coreutils_64_O3_unexpand,benign,clean,stale,benign,0.90,24698,6510,5825,5810,15,700,0,0
icc_coreutils_64_O3_unexpand,benign,clean,switch_rule,benign,0.50,24698,6510,6639,6281,358,229,0,0
icc_coreutils_64_O3_unexpand,benign,clean,switch_rule,benign,0.70,24698,6510,5981,5940,41,570,0,0
icc_coreutils_64_O3_unexpand,benign,clean,switch_rule,benign,0.90,24698,6510,5825,5810,15,700,0,0
icc_coreutils_64_O3_unexpand,benign,clean,switch_guard,benign,0.50,24698,6510,6639,6281,358,229,0,0
icc_coreutils_64_O3_unexpand,benign,clean,switch_guard,benign,0.70,24698,6510,5981,5940,41,570,0,0
icc_coreutils_64_O3_unexpand,benign,clean,switch_guard,benign,0.90,24698,6510,5825,5810,15,700,0,0
icc_coreutils_64_O3_unexpand,benign,clean,oracle,benign,0.50,24698,6510,6639,6281,358,229,0,0
icc_coreutils_64_O3_unexpand,benign,clean,oracle,benign,0.70,24698,6510,5981,5940,41,570,0,0
icc_coreutils_64_O3_unexpand,benign,clean,oracle,benign,0.90,24698,6510,5825,5810,15,700,0,0
icc_coreutils_64_O0_pr,benign,clean,stale,benign,0.50,41888,12175,12356,11912,444,263,0,0
icc_coreutils_64_O0_pr,benign,clean,stale,benign,0.70,41888,12175,11572,11457,115,718,0,0
icc_coreutils_64_O0_pr,benign,clean,stale,benign,0.90,41888,12175,11180,11143,37,1032,0,0
icc_coreutils_64_O0_pr,benign,clean,switch_rule,benign,0.50,41888,12175,12356,11912,444,263,0,0
icc_coreutils_64_O0_pr,benign,clean,switch_rule,benign,0.70,41888,12175,11572,11457,115,718,0,0
icc_coreutils_64_O0_pr,benign,clean,switch_rule,benign,0.90,41888,12175,11180,11143,37,1032,0,0
icc_coreutils_64_O0_pr,benign,clean,switch_guard,benign,0.50,41888,12175,12356,11912,444,263,0,0
icc_coreutils_64_O0_pr,benign,clean,switch_guard,benign,0.70,41888,12175,11572,11457,115,718,0,0
icc_coreutils_64_O0_pr,benign,clean,switch_guard,benign,0.90,41888,12175,11180,11143,37,1032,0,0
icc_coreutils_64_O0_pr,benign,clean,oracle,benign,0.50,41888,12175,12356,11912,444,263,0,0
icc_coreutils_64_O0_pr,benign,clean,oracle,benign,0.70,41888,12175,11572,11457,115,718,0,0
icc_coreutils_64_O0_pr,benign,clean,oracle,benign,0.90,41888,12175,11180,11143,37,1032,0,0
icc_coreutils_64_O3_numfmt,benign,clean,stale,benign,0.50,48776,12985,13256,12565,691,420,0,0
icc_coreutils_64_O3_numfmt,benign,clean,stale,benign,0.70,48776,12985,11996,11896,100,1089,0,0
icc_coreutils_64_O3_numfmt,benign,clean,stale,benign,0.90,48776,12985,11550,11514,36,1471,0,0
icc_coreutils_64_O3_numfmt,benign,clean,switch_rule,benign,0.50,48776,12985,13256,12565,691,420,0,0
icc_coreutils_64_O3_numfmt,benign,clean,switch_rule,benign,0.70,48776,12985,11996,11896,100,1089,0,0
icc_coreutils_64_O3_numfmt,benign,clean,switch_rule,benign,0.90,48776,12985,11550,11514,36,1471,0,0
icc_coreutils_64_O3_numfmt,benign,clean,switch_guard,benign,0.50,48776,12985,13256,12565,691,420,0,0
icc_coreutils_64_O3_numfmt,benign,clean,switch_guard,benign,0.70,48776,12985,11996,11896,100,1089,0,0
icc_coreutils_64_O3_numfmt,benign,clean,switch_guard,benign,0.90,48776,12985,11550,11514,36,1471,0,0
icc_coreutils_64_O3_numfmt,benign,clean,oracle,benign,0.50,48776,12985,13256,12565,691,420,0,0
icc_coreutils_64_O3_numfmt,benign,clean,oracle,benign,0.70,48776,12985,11996,11896,100,1089,0,0
icc_coreutils_64_O3_numfmt,benign,clean,oracle,benign,0.90,48776,12985,11550,11514,36,1471,0,0
icc_coreutils_64_O0_sha224sum,benign,clean,stale,benign,0.50,37285,12004,12054,11875,179,129,0,0
icc_coreutils_64_O0_sha224sum,benign,clean,stale,benign,0.70,37285,12004,11657,11601,56,403,0,0
icc_coreutils_64_O0_sha224sum,benign,clean,stale,benign,0.90,37285,12004,11437,11425,12,579,0,0
icc_coreutils_64_O0_sha224sum,benign,clean,switch_rule,benign,0.50,37285,12004,12054,11875,179,129,0,0
icc_coreutils_64_O0_sha224sum,benign,clean,switch_rule,benign,0.70,37285,12004,11657,11601,56,403,0,0
icc_coreutils_64_O0_sha224sum,benign,clean,switch_rule,benign,0.90,37285,12004,11437,11425,12,579,0,0
icc_coreutils_64_O0_sha224sum,benign,clean,switch_guard,benign,0.50,37285,12004,12054,11875,179,129,0,0
icc_coreutils_64_O0_sha224sum,benign,clean,switch_guard,benign,0.70,37285,12004,11657,11601,56,403,0,0
icc_coreutils_64_O0_sha224sum,benign,clean,switch_guard,benign,0.90,37285,12004,11437,11425,12,579,0,0
icc_coreutils_64_O0_sha224sum,benign,clean,oracle,benign,0.50,37285,12004,12054,11875,179,129,0,0
icc_coreutils_64_O0_sha224sum,benign,clean,oracle,benign,0.70,37285,12004,11657,11601,56,403,0,0
icc_coreutils_64_O0_sha224sum,benign,clean,oracle,benign,0.90,37285,12004,11437,11425,12,579,0,0
gcc_coreutils_64_O1_tee,benign,clean,stale,benign,0.50,14873,4133,4201,4016,185,117,0,0
gcc_coreutils_64_O1_tee,benign,clean,stale,benign,0.70,14873,4133,3812,3775,37,358,0,0
gcc_coreutils_64_O1_tee,benign,clean,stale,benign,0.90,14873,4133,3671,3659,12,474,0,0
gcc_coreutils_64_O1_tee,benign,clean,switch_rule,benign,0.50,14873,4133,4201,4016,185,117,0,0
gcc_coreutils_64_O1_tee,benign,clean,switch_rule,benign,0.70,14873,4133,3812,3775,37,358,0,0
gcc_coreutils_64_O1_tee,benign,clean,switch_rule,benign,0.90,14873,4133,3671,3659,12,474,0,0
gcc_coreutils_64_O1_tee,benign,clean,switch_guard,benign,0.50,14873,4133,4201,4016,185,117,0,0
gcc_coreutils_64_O1_tee,benign,clean,switch_guard,benign,0.70,14873,4133,3812,3775,37,358,0,0
gcc_coreutils_64_O1_tee,benign,clean,switch_guard,benign,0.90,14873,4133,3671,3659,12,474,0,0
gcc_coreutils_64_O1_tee,benign,clean,oracle,benign,0.50,14873,4133,4201,4016,185,117,0,0
gcc_coreutils_64_O1_tee,benign,clean,oracle,benign,0.70,14873,4133,3812,3775,37,358,0,0
gcc_coreutils_64_O1_tee,benign,clean,oracle,benign,0.90,14873,4133,3671,3659,12,474,0,0
gcc_coreutils_64_O2_sort,benign,clean,stale,benign,0.50,61001,16818,16995,16340,655,478,0,0
gcc_coreutils_64_O2_sort,benign,clean,stale,benign,0.70,61001,16818,15642,15577,65,1241,0,0
gcc_coreutils_64_O2_sort,benign,clean,stale,benign,0.90,61001,16818,15403,15383,20,1435,0,0
gcc_coreutils_64_O2_sort,benign,clean,switch_rule,benign,0.50,61001,16818,16995,16340,655,478,0,0
gcc_coreutils_64_O2_sort,benign,clean,switch_rule,benign,0.70,61001,16818,15642,15577,65,1241,0,0
gcc_coreutils_64_O2_sort,benign,clean,switch_rule,benign,0.90,61001,16818,15403,15383,20,1435,0,0
gcc_coreutils_64_O2_sort,benign,clean,switch_guard,benign,0.50,61001,16818,16995,16340,655,478,0,0
gcc_coreutils_64_O2_sort,benign,clean,switch_guard,benign,0.70,61001,16818,15642,15577,65,1241,0,0
gcc_coreutils_64_O2_sort,benign,clean,switch_guard,benign,0.90,61001,16818,15403,15383,20,1435,0,0
gcc_coreutils_64_O2_sort,benign,clean,oracle,benign,0.50,61001,16818,16995,16340,655,478,0,0
gcc_coreutils_64_O2_sort,benign,clean,oracle,benign,0.70,61001,16818,15642,15577,65,1241,0,0
gcc_coreutils_64_O2_sort,benign,clean,oracle,benign,0.90,61001,16818,15403,15383,20,1435,0,0
icc_coreutils_64_O0_stat,benign,clean,stale,benign,0.50,61134,17482,17690,17034,656,448,0,0
icc_coreutils_64_O0_stat,benign,clean,stale,benign,0.70,61134,17482,16540,16343,197,1139,0,0
icc_coreutils_64_O0_stat,benign,clean,stale,benign,0.90,61134,17482,15800,15702,98,1780,0,0
icc_coreutils_64_O0_stat,benign,clean,switch_rule,benign,0.50,61134,17482,17690,17034,656,448,0,0
icc_coreutils_64_O0_stat,benign,clean,switch_rule,benign,0.70,61134,17482,16540,16343,197,1139,0,0
icc_coreutils_64_O0_stat,benign,clean,switch_rule,benign,0.90,61134,17482,15800,15702,98,1780,0,0
icc_coreutils_64_O0_stat,benign,clean,switch_guard,benign,0.50,61134,17482,17690,17034,656,448,0,0
icc_coreutils_64_O0_stat,benign,clean,switch_guard,benign,0.70,61134,17482,16540,16343,197,1139,0,0
icc_coreutils_64_O0_stat,benign,clean,switch_guard,benign,0.90,61134,17482,15800,15702,98,1780,0,0
icc_coreutils_64_O0_stat,benign,clean,oracle,benign,0.50,61134,17482,17690,17034,656,448,0,0
icc_coreutils_64_O0_stat,benign,clean,oracle,benign,0.70,61134,17482,16540,16343,197,1139,0,0
icc_coreutils_64_O0_stat,benign,clean,oracle,benign,0.90,61134,17482,15800,15702,98,1780,0,0
icc_coreutils_64_O2_unlink,benign,clean,stale,benign,0.50,14590,4041,4113,3862,251,179,0,0
icc_coreutils_64_O2_unlink,benign,clean,stale,benign,0.70,14590,4041,3628,3591,37,450,0,0
icc_coreutils_64_O2_unlink,benign,clean,stale,benign,0.90,14590,4041,3500,3485,15,556,0,0
icc_coreutils_64_O2_unlink,benign,clean,switch_rule,benign,0.50,14590,4041,4113,3862,251,179,0,0
icc_coreutils_64_O2_unlink,benign,clean,switch_rule,benign,0.70,14590,4041,3628,3591,37,450,0,0
icc_coreutils_64_O2_unlink,benign,clean,switch_rule,benign,0.90,14590,4041,3500,3485,15,556,0,0
icc_coreutils_64_O2_unlink,benign,clean,switch_guard,benign,0.50,14590,4041,4113,3862,251,179,0,0
icc_coreutils_64_O2_unlink,benign,clean,switch_guard,benign,0.70,14590,4041,3628,3591,37,450,0,0
icc_coreutils_64_O2_unlink,benign,clean,switch_guard,benign,0.90,14590,4041,3500,3485,15,556,0,0
icc_coreutils_64_O2_unlink,benign,clean,oracle,benign,0.50,14590,4041,4113,3862,251,179,0,0
icc_coreutils_64_O2_unlink,benign,clean,oracle,benign,0.70,14590,4041,3628,3591,37,450,0,0
icc_coreutils_64_O2_unlink,benign,clean,oracle,benign,0.90,14590,4041,3500,3485,15,556,0,0
gcc_coreutils_64_O2_runcon,benign,clean,stale,benign,0.50,15837,4425,4474,4234,240,191,0,0
gcc_coreutils_64_O2_runcon,benign,clean,stale,benign,0.70,15837,4425,4012,3974,38,451,0,0
gcc_coreutils_64_O2_runcon,benign,clean,stale,benign,0.90,15837,4425,3886,3872,14,553,0,0
gcc_coreutils_64_O2_runcon,benign,clean,switch_rule,benign,0.50,15837,4425,4474,4234,240,191,0,0
gcc_coreutils_64_O2_runcon,benign,clean,switch_rule,benign,0.70,15837,4425,4012,3974,38,451,0,0
gcc_coreutils_64_O2_runcon,benign,clean,switch_rule,benign,0.90,15837,4425,3886,3872,14,553,0,0
gcc_coreutils_64_O2_runcon,benign,clean,switch_guard,benign,0.50,15837,4425,4474,4234,240,191,0,0
gcc_coreutils_64_O2_runcon,benign,clean,switch_guard,benign,0.70,15837,4425,4012,3974,38,451,0,0
gcc_coreutils_64_O2_runcon,benign,clean,switch_guard,benign,0.90,15837,4425,3886,3872,14,553,0,0
gcc_coreutils_64_O2_runcon,benign,clean,oracle,benign,0.50,15837,4425,4474,4234,240,191,0,0
gcc_coreutils_64_O2_runcon,benign,clean,oracle,benign,0.70,15837,4425,4012,3974,38,451,0,0
gcc_coreutils_64_O2_runcon,benign,clean,oracle,benign,0.90,15837,4425,3886,3872,14,553,0,0
icc_coreutils_64_O2_chroot,benign,clean,stale,benign,0.50,17356,4873,4953,4673,280,200,0,0
icc_coreutils_64_O2_chroot,benign,clean,stale,benign,0.70,17356,4873,4373,4329,44,544,0,0
icc_coreutils_64_O2_chroot,benign,clean,stale,benign,0.90,17356,4873,4219,4208,11,665,0,0
icc_coreutils_64_O2_chroot,benign,clean,switch_rule,benign,0.50,17356,4873,4953,4673,280,200,0,0
icc_coreutils_64_O2_chroot,benign,clean,switch_rule,benign,0.70,17356,4873,4373,4329,44,544,0,0
icc_coreutils_64_O2_chroot,benign,clean,switch_rule,benign,0.90,17356,4873,4219,4208,11,665,0,0
icc_coreutils_64_O2_chroot,benign,clean,switch_guard,benign,0.50,17356,4873,4953,4673,280,200,0,0
icc_coreutils_64_O2_chroot,benign,clean,switch_guard,benign,0.70,17356,4873,4373,4329,44,544,0,0
icc_coreutils_64_O2_chroot,benign,clean,switch_guard,benign,0.90,17356,4873,4219,4208,11,665,0,0
icc_coreutils_64_O2_chroot,benign,clean,oracle,benign,0.50,17356,4873,4953,4673,280,200,0,0
icc_coreutils_64_O2_chroot,benign,clean,oracle,benign,0.70,17356,4873,4373,4329,44,544,0,0
icc_coreutils_64_O2_chroot,benign,clean,oracle,benign,0.90,17356,4873,4219,4208,11,665,0,0
icc_coreutils_64_O1_sha384sum,benign,clean,stale,benign,0.50,33619,9479,9542,9358,184,121,0,0
icc_coreutils_64_O1_sha384sum,benign,clean,stale,benign,0.70,33619,9479,9125,9089,36,390,0,0
icc_coreutils_64_O1_sha384sum,benign,clean,stale,benign,0.90,33619,9479,8966,8955,11,524,0,0
icc_coreutils_64_O1_sha384sum,benign,clean,switch_rule,benign,0.50,33619,9479,9542,9358,184,121,0,0
icc_coreutils_64_O1_sha384sum,benign,clean,switch_rule,benign,0.70,33619,9479,9125,9089,36,390,0,0
icc_coreutils_64_O1_sha384sum,benign,clean,switch_rule,benign,0.90,33619,9479,8966,8955,11,524,0,0
icc_coreutils_64_O1_sha384sum,benign,clean,switch_guard,benign,0.50,33619,9479,9542,9358,184,121,0,0
icc_coreutils_64_O1_sha384sum,benign,clean,switch_guard,benign,0.70,33619,9479,9125,9089,36,390,0,0
icc_coreutils_64_O1_sha384sum,benign,clean,switch_guard,benign,0.90,33619,9479,8966,8955,11,524,0,0
icc_coreutils_64_O1_sha384sum,benign,clean,oracle,benign,0.50,33619,9479,9542,9358,184,121,0,0
icc_coreutils_64_O1_sha384sum,benign,clean,oracle,benign,0.70,33619,9479,9125,9089,36,390,0,0
icc_coreutils_64_O1_sha384sum,benign,clean,oracle,benign,0.90,33619,9479,8966,8955,11,524,0,0
icc_coreutils_64_O1_shred,benign,clean,stale,benign,0.50,26752,7317,7401,7196,205,121,0,0
icc_coreutils_64_O1_shred,benign,clean,stale,benign,0.70,26752,7317,6917,6888,29,429,0,0
icc_coreutils_64_O1_shred,benign,clean,stale,benign,0.90,26752,7317,6760,6751,9,566,0,0
icc_coreutils_64_O1_shred,benign,clean,switch_rule,benign,0.50,26752,7317,7401,7196,205,121,0,0
icc_coreutils_64_O1_shred,benign,clean,switch_rule,benign,0.70,26752,7317,6917,6888,29,429,0,0
icc_coreutils_64_O1_shred,benign,clean,switch_rule,benign,0.90,26752,7317,6760,6751,9,566,0,0
icc_coreutils_64_O1_shred,benign,clean,switch_guard,benign,0.50,26752,7317,7401,7196,205,121,0,0
icc_coreutils_64_O1_shred,benign,clean,switch_guard,benign,0.70,26752,7317,6917,6888,29,429,0,0
icc_coreutils_64_O1_shred,benign,clean,switch_guard,benign,0.90,26752,7317,6760,6751,9,566,0,0
icc_coreutils_64_O1_shred,benign,clean,oracle,benign,0.50,26752,7317,7401,7196,205,121,0,0
icc_coreutils_64_O1_shred,benign,clean,oracle,benign,0.70,26752,7317,6917,6888,29,429,0,0
icc_coreutils_64_O1_shred,benign,clean,oracle,benign,0.90,26752,7317,6760,6751,9,566,0,0
icc_coreutils_64_O3_touch,benign,clean,stale,benign,0.50,42929,11222,11388,10768,620,454,0,0
icc_coreutils_64_O3_touch,benign,clean,stale,benign,0.70,42929,11222,10288,10219,69,1003,0,0
icc_coreutils_64_O3_touch,benign,clean,stale,benign,0.90,42929,11222,10061,10037,24,1185,0,0
icc_coreutils_64_O3_touch,benign,clean,switch_rule,benign,0.50,42929,11222,11388,10768,620,454,0,0
icc_coreutils_64_O3_touch,benign,clean,switch_rule,benign,0.70,42929,11222,10288,10219,69,1003,0,0
icc_coreutils_64_O3_touch,benign,clean,switch_rule,benign,0.90,42929,11222,10061,10037,24,1185,0,0
icc_coreutils_64_O3_touch,benign,clean,switch_guard,benign,0.50,42929,11222,11388,10768,620,454,0,0
icc_coreutils_64_O3_touch,benign,clean,switch_guard,benign,0.70,42929,11222,10288,10219,69,1003,0,0
icc_coreutils_64_O3_touch,benign,clean,switch_guard,benign,0.90,42929,11222,10061,10037,24,1185,0,0
icc_coreutils_64_O3_touch,benign,clean,oracle,benign,0.50,42929,11222,11388,10768,620,454,0,0
icc_coreutils_64_O3_touch,benign,clean,oracle,benign,0.70,42929,11222,10288,10219,69,1003,0,0
icc_coreutils_64_O3_touch,benign,clean,oracle,benign,0.90,42929,11222,10061,10037,24,1185,0,0
desync_coreutils_64_O0_logname,obfuscated,pilot,stale,benign,0.50,37038,10855,12403,10429,1974,426,0,0
desync_coreutils_64_O0_logname,obfuscated,pilot,stale,benign,0.70,37038,10855,11721,10120,1601,735,0,0
desync_coreutils_64_O0_logname,obfuscated,pilot,stale,benign,0.90,37038,10855,11420,9917,1503,938,0,0
desync_coreutils_64_O0_logname,obfuscated,pilot,switch_rule,obfuscated,0.50,37038,10855,11666,10090,1576,765,0,0
desync_coreutils_64_O0_logname,obfuscated,pilot,switch_rule,obfuscated,0.70,37038,10855,11456,9946,1510,909,0,0
desync_coreutils_64_O0_logname,obfuscated,pilot,switch_rule,obfuscated,0.90,37038,10855,0,0,0,10855,0,0
desync_coreutils_64_O0_logname,obfuscated,pilot,switch_guard,obfuscated,0.50,37038,10855,11666,10090,1576,765,0,0
desync_coreutils_64_O0_logname,obfuscated,pilot,switch_guard,obfuscated,0.70,37038,10855,11456,9946,1510,909,0,0
desync_coreutils_64_O0_logname,obfuscated,pilot,switch_guard,obfuscated,0.90,37038,10855,0,0,0,10855,0,0
desync_coreutils_64_O0_logname,obfuscated,pilot,oracle,obfuscated,0.50,37038,10855,11666,10090,1576,765,0,0
desync_coreutils_64_O0_logname,obfuscated,pilot,oracle,obfuscated,0.70,37038,10855,11456,9946,1510,909,0,0
desync_coreutils_64_O0_logname,obfuscated,pilot,oracle,obfuscated,0.90,37038,10855,0,0,0,10855,0,0
desync_coreutils_64_O0_logname,obfuscated,d1_med,stale,benign,0.50,50633,14797,17719,14370,3349,427,0,0
desync_coreutils_64_O0_logname,obfuscated,d1_med,stale,benign,0.70,50633,14797,17102,14098,3004,699,0,0
desync_coreutils_64_O0_logname,obfuscated,d1_med,stale,benign,0.90,50633,14797,16786,13892,2894,905,0,0
desync_coreutils_64_O0_logname,obfuscated,d1_med,switch_rule,obfuscated,0.50,50633,14797,17058,14074,2984,723,0,0
desync_coreutils_64_O0_logname,obfuscated,d1_med,switch_rule,obfuscated,0.70,50633,14797,16836,13933,2903,864,0,0
desync_coreutils_64_O0_logname,obfuscated,d1_med,switch_rule,obfuscated,0.90,50633,14797,0,0,0,14797,0,0
desync_coreutils_64_O0_logname,obfuscated,d1_med,switch_guard,obfuscated,0.50,50633,14797,17058,14074,2984,723,0,0
desync_coreutils_64_O0_logname,obfuscated,d1_med,switch_guard,obfuscated,0.70,50633,14797,16836,13933,2903,864,0,0
desync_coreutils_64_O0_logname,obfuscated,d1_med,switch_guard,obfuscated,0.90,50633,14797,0,0,0,14797,0,0
desync_coreutils_64_O0_logname,obfuscated,d1_med,oracle,obfuscated,0.50,50633,14797,17058,14074,2984,723,0,0
desync_coreutils_64_O0_logname,obfuscated,d1_med,oracle,obfuscated,0.70,50633,14797,16836,13933,2903,864,0,0
desync_coreutils_64_O0_logname,obfuscated,d1_med,oracle,obfuscated,0.90,50633,14797,0,0,0,14797,0,0
desync_coreutils_64_O0_logname,obfuscated,d2_heavy,stale,benign,0.50,118573,32950,44194,32408,11786,542,0,0
desync_coreutils_64_O0_logname,obfuscated,d2_heavy,stale,benign,0.70,118573,32950,43558,32234,11324,716,0,0
desync_coreutils_64_O0_logname,obfuscated,d2_heavy,stale,benign,0.90,118573,32950,43331,32118,11213,832,0,0
desync_coreutils_64_O0_logname,obfuscated,d2_heavy,switch_rule,obfuscated,0.50,118573,32950,43524,32211,11313,739,0,0
desync_coreutils_64_O0_logname,obfuscated,d2_heavy,switch_rule,obfuscated,0.70,118573,32950,43366,32138,11228,812,0,0
desync_coreutils_64_O0_logname,obfuscated,d2_heavy,switch_rule,obfuscated,0.90,118573,32950,0,0,0,32950,0,0
desync_coreutils_64_O0_logname,obfuscated,d2_heavy,switch_guard,obfuscated,0.50,118573,32950,43524,32211,11313,739,0,0
desync_coreutils_64_O0_logname,obfuscated,d2_heavy,switch_guard,obfuscated,0.70,118573,32950,43366,32138,11228,812,0,0
desync_coreutils_64_O0_logname,obfuscated,d2_heavy,switch_guard,obfuscated,0.90,118573,32950,0,0,0,32950,0,0
desync_coreutils_64_O0_logname,obfuscated,d2_heavy,oracle,obfuscated,0.50,118573,32950,43524,32211,11313,739,0,0
desync_coreutils_64_O0_logname,obfuscated,d2_heavy,oracle,obfuscated,0.70,118573,32950,43366,32138,11228,812,0,0
desync_coreutils_64_O0_logname,obfuscated,d2_heavy,oracle,obfuscated,0.90,118573,32950,0,0,0,32950,0,0
desync_coreutils_64_O0_logname,obfuscated,d3_max,stale,benign,0.50,126777,32320,47757,31953,15804,367,0,0
desync_coreutils_64_O0_logname,obfuscated,d3_max,stale,benign,0.70,126777,32320,46913,31835,15078,485,0,0
desync_coreutils_64_O0_logname,obfuscated,d3_max,stale,benign,0.90,126777,32320,46636,31769,14867,551,0,0
desync_coreutils_64_O0_logname,obfuscated,d3_max,switch_rule,obfuscated,0.50,126777,32320,46888,31827,15061,493,0,0
desync_coreutils_64_O0_logname,obfuscated,d3_max,switch_rule,obfuscated,0.70,126777,32320,46690,31785,14905,535,0,0
desync_coreutils_64_O0_logname,obfuscated,d3_max,switch_rule,obfuscated,0.90,126777,32320,0,0,0,32320,0,0
desync_coreutils_64_O0_logname,obfuscated,d3_max,switch_guard,obfuscated,0.50,126777,32320,46888,31827,15061,493,0,0
desync_coreutils_64_O0_logname,obfuscated,d3_max,switch_guard,obfuscated,0.70,126777,32320,46690,31785,14905,535,0,0
desync_coreutils_64_O0_logname,obfuscated,d3_max,switch_guard,obfuscated,0.90,126777,32320,0,0,0,32320,0,0
desync_coreutils_64_O0_logname,obfuscated,d3_max,oracle,obfuscated,0.50,126777,32320,46888,31827,15061,493,0,0
desync_coreutils_64_O0_logname,obfuscated,d3_max,oracle,obfuscated,0.70,126777,32320,46690,31785,14905,535,0,0
desync_coreutils_64_O0_logname,obfuscated,d3_max,oracle,obfuscated,0.90,126777,32320,0,0,0,32320,0,0
desync_coreutils_64_O0_runcon,obfuscated,pilot,stale,benign,0.50,39491,11568,13321,11123,2198,445,0,0
desync_coreutils_64_O0_runcon,obfuscated,pilot,stale,benign,0.70,39491,11568,12543,10771,1772,797,0,0
desync_coreutils_64_O0_runcon,obfuscated,pilot,stale,benign,0.90,39491,11568,12159,10517,1642,1051,0,0
desync_coreutils_64_O0_runcon,obfuscated,pilot,switch_rule,obfuscated,0.50,39491,11568,12480,10737,1743,831,0,0
desync_coreutils_64_O0_runcon,obfuscated,pilot,switch_rule,obfuscated,0.70,39491,11568,12199,10547,1652,1021,0,0
desync_coreutils_64_O0_runcon,obfuscated,pilot,switch_rule,obfuscated,0.90,39491,11568,0,0,0,11568,0,0
desync_coreutils_64_O0_runcon,obfuscated,pilot,switch_guard,obfuscated,0.50,39491,11568,12480,10737,1743,831,0,0
desync_coreutils_64_O0_runcon,obfuscated,pilot,switch_guard,obfuscated,0.70,39491,11568,12199,10547,1652,1021,0,0
desync_coreutils_64_O0_runcon,obfuscated,pilot,switch_guard,obfuscated,0.90,39491,11568,0,0,0,11568,0,0
desync_coreutils_64_O0_runcon,obfuscated,pilot,oracle,obfuscated,0.50,39491,11568,12480,10737,1743,831,0,0
desync_coreutils_64_O0_runcon,obfuscated,pilot,oracle,obfuscated,0.70,39491,11568,12199,10547,1652,1021,0,0
desync_coreutils_64_O0_runcon,obfuscated,pilot,oracle,obfuscated,0.90,39491,11568,0,0,0,11568,0,0
desync_coreutils_64_O0_runcon,obfuscated,d1_med,stale,benign,0.50,54456,15929,19015,15375,3640,554,0,0
desync_coreutils_64_O0_runcon,obfuscated,d1_med,stale,benign,0.70,54456,15929,18273,15070,3203,859,0,0
desync_coreutils_64_O0_runcon,obfuscated,d1_med,stale,benign,0.90,54456,15929,17982,14887,3095,1042,0,0
desync_coreutils_64_O0_runcon,obfuscated,d1_med,switch_rule,obfuscated,0.50,54456,15929,18230,15052,3178,877,0,0
desync_coreutils_64_O0_runcon,obfuscated,d1_med,switch_rule,obfuscated,0.70,54456,15929,18011,14912,3099,1017,0,0
desync_coreutils_64_O0_runcon,obfuscated,d1_med,switch_rule,obfuscated,0.90,54456,15929,0,0,0,15929,0,0
desync_coreutils_64_O0_runcon,obfuscated,d1_med,switch_guard,obfuscated,0.50,54456,15929,18230,15052,3178,877,0,0
desync_coreutils_64_O0_runcon,obfuscated,d1_med,switch_guard,obfuscated,0.70,54456,15929,18011,14912,3099,1017,0,0
desync_coreutils_64_O0_runcon,obfuscated,d1_med,switch_guard,obfuscated,0.90,54456,15929,0,0,0,15929,0,0
desync_coreutils_64_O0_runcon,obfuscated,d1_med,oracle,obfuscated,0.50,54456,15929,18230,15052,3178,877,0,0
desync_coreutils_64_O0_runcon,obfuscated,d1_med,oracle,obfuscated,0.70,54456,15929,18011,14912,3099,1017,0,0
desync_coreutils_64_O0_runcon,obfuscated,d1_med,oracle,obfuscated,0.90,54456,15929,0,0,0,15929,0,0
desync_coreutils_64_O0_runcon,obfuscated,d2_heavy,stale,benign,0.50,127801,35590,47837,35058,12779,532,0,0
desync_coreutils_64_O0_runcon,obfuscated,d2_heavy,stale,benign,0.70,127801,35590,47202,34900,12302,690,0,0
desync_coreutils_64_O0_runcon,obfuscated,d2_heavy,stale,benign,0.90,127801,35590,46993,34803,12190,787,0,0
desync_coreutils_64_O0_runcon,obfuscated,d2_heavy,switch_rule,obfuscated,0.50,127801,35590,47177,34891,12286,699,0,0
desync_coreutils_64_O0_runcon,obfuscated,d2_heavy,switch_rule,obfuscated,0.70,127801,35590,47026,34822,12204,768,0,0
desync_coreutils_64_O0_runcon,obfuscated,d2_heavy,switch_rule,obfuscated,0.90,127801,35590,0,0,0,35590,0,0
desync_coreutils_64_O0_runcon,obfuscated,d2_heavy,switch_guard,obfuscated,0.50,127801,35590,47177,34891,12286,699,0,0
desync_coreutils_64_O0_runcon,obfuscated,d2_heavy,switch_guard,obfuscated,0.70,127801,35590,47026,34822,12204,768,0,0
desync_coreutils_64_O0_runcon,obfuscated,d2_heavy,switch_guard,obfuscated,0.90,127801,35590,0,0,0,35590,0,0
desync_coreutils_64_O0_runcon,obfuscated,d2_heavy,oracle,obfuscated,0.50,127801,35590,47177,34891,12286,699,0,0
desync_coreutils_64_O0_runcon,obfuscated,d2_heavy,oracle,obfuscated,0.70,127801,35590,47026,34822,12204,768,0,0
desync_coreutils_64_O0_runcon,obfuscated,d2_heavy,oracle,obfuscated,0.90,127801,35590,0,0,0,35590,0,0
desync_coreutils_64_O0_runcon,obfuscated,d3_max,stale,benign,0.50,136665,34891,51168,34336,16832,555,0,0
desync_coreutils_64_O0_runcon,obfuscated,d3_max,stale,benign,0.70,136665,34891,50078,34174,15904,717,0,0
desync_coreutils_64_O0_runcon,obfuscated,d3_max,stale,benign,0.90,136665,34891,49697,34051,15646,840,0,0
desync_coreutils_64_O0_runcon,obfuscated,d3_max,switch_rule,obfuscated,0.50,136665,34891,50057,34161,15896,730,0,0
desync_coreutils_64_O0_runcon,obfuscated,d3_max,switch_rule,obfuscated,0.70,136665,34891,49753,34065,15688,826,0,0
desync_coreutils_64_O0_runcon,obfuscated,d3_max,switch_rule,obfuscated,0.90,136665,34891,0,0,0,34891,0,0
desync_coreutils_64_O0_runcon,obfuscated,d3_max,switch_guard,obfuscated,0.50,136665,34891,50057,34161,15896,730,0,0
desync_coreutils_64_O0_runcon,obfuscated,d3_max,switch_guard,obfuscated,0.70,136665,34891,49753,34065,15688,826,0,0
desync_coreutils_64_O0_runcon,obfuscated,d3_max,switch_guard,obfuscated,0.90,136665,34891,0,0,0,34891,0,0
desync_coreutils_64_O0_runcon,obfuscated,d3_max,oracle,obfuscated,0.50,136665,34891,50057,34161,15896,730,0,0
desync_coreutils_64_O0_runcon,obfuscated,d3_max,oracle,obfuscated,0.70,136665,34891,49753,34065,15688,826,0,0
desync_coreutils_64_O0_runcon,obfuscated,d3_max,oracle,obfuscated,0.90,136665,34891,0,0,0,34891,0,0
desync_coreutils_64_O0_make-prime-list,obfuscated,d1_med,stale,benign,0.50,6494,1919,2266,1877,389,42,0,0
desync_coreutils_64_O0_make-prime-list,obfuscated,d1_med,stale,benign,0.70,6494,1919,2211,1847,364,72,0,0
desync_coreutils_64_O0_make-prime-list,obfuscated,d1_med,stale,benign,0.90,6494,1919,2199,1838,361,81,0,0
desync_coreutils_64_O0_make-prime-list,obfuscated,d1_med,switch_rule,obfuscated,0.50,6494,1919,2209,1845,364,74,0,0
desync_coreutils_64_O0_make-prime-list,obfuscated,d1_med,switch_rule,obfuscated,0.70,6494,1919,2200,1839,361,80,0,0
desync_coreutils_64_O0_make-prime-list,obfuscated,d1_med,switch_rule,obfuscated,0.90,6494,1919,0,0,0,1919,0,0
desync_coreutils_64_O0_make-prime-list,obfuscated,d1_med,switch_guard,obfuscated,0.50,6494,1919,2209,1845,364,74,0,0
desync_coreutils_64_O0_make-prime-list,obfuscated,d1_med,switch_guard,obfuscated,0.70,6494,1919,2200,1839,361,80,0,0
desync_coreutils_64_O0_make-prime-list,obfuscated,d1_med,switch_guard,obfuscated,0.90,6494,1919,0,0,0,1919,0,0
desync_coreutils_64_O0_make-prime-list,obfuscated,d1_med,oracle,obfuscated,0.50,6494,1919,2209,1845,364,74,0,0
desync_coreutils_64_O0_make-prime-list,obfuscated,d1_med,oracle,obfuscated,0.70,6494,1919,2200,1839,361,80,0,0
desync_coreutils_64_O0_make-prime-list,obfuscated,d1_med,oracle,obfuscated,0.90,6494,1919,0,0,0,1919,0,0
desync_coreutils_64_O0_make-prime-list,obfuscated,d2_heavy,stale,benign,0.50,14593,4048,5587,4034,1553,14,0,0
desync_coreutils_64_O0_make-prime-list,obfuscated,d2_heavy,stale,benign,0.70,14593,4048,5537,4018,1519,30,0,0
desync_coreutils_64_O0_make-prime-list,obfuscated,d2_heavy,stale,benign,0.90,14593,4048,5524,4008,1516,40,0,0
desync_coreutils_64_O0_make-prime-list,obfuscated,d2_heavy,switch_rule,obfuscated,0.50,14593,4048,5536,4017,1519,31,0,0
desync_coreutils_64_O0_make-prime-list,obfuscated,d2_heavy,switch_rule,obfuscated,0.70,14593,4048,5528,4012,1516,36,0,0
desync_coreutils_64_O0_make-prime-list,obfuscated,d2_heavy,switch_rule,obfuscated,0.90,14593,4048,0,0,0,4048,0,0
desync_coreutils_64_O0_make-prime-list,obfuscated,d2_heavy,switch_guard,obfuscated,0.50,14593,4048,5536,4017,1519,31,0,0
desync_coreutils_64_O0_make-prime-list,obfuscated,d2_heavy,switch_guard,obfuscated,0.70,14593,4048,5528,4012,1516,36,0,0
desync_coreutils_64_O0_make-prime-list,obfuscated,d2_heavy,switch_guard,obfuscated,0.90,14593,4048,0,0,0,4048,0,0
desync_coreutils_64_O0_make-prime-list,obfuscated,d2_heavy,oracle,obfuscated,0.50,14593,4048,5536,4017,1519,31,0,0
desync_coreutils_64_O0_make-prime-list,obfuscated,d2_heavy,oracle,obfuscated,0.70,14593,4048,5528,4012,1516,36,0,0
desync_coreutils_64_O0_make-prime-list,obfuscated,d2_heavy,oracle,obfuscated,0.90,14593,4048,0,0,0,4048,0,0
desync_coreutils_64_O0_make-prime-list,obfuscated,d3_max,stale,benign,0.50,16435,4099,6177,4085,2092,14,0,0
desync_coreutils_64_O0_make-prime-list,obfuscated,d3_max,stale,benign,0.70,16435,4099,6094,4071,2023,28,0,0
desync_coreutils_64_O0_make-prime-list,obfuscated,d3_max,stale,benign,0.90,16435,4099,6071,4064,2007,35,0,0
desync_coreutils_64_O0_make-prime-list,obfuscated,d3_max,switch_rule,obfuscated,0.50,16435,4099,6052,4041,2011,58,0,0
desync_coreutils_64_O0_make-prime-list,obfuscated,d3_max,switch_rule,obfuscated,0.70,16435,4099,6032,4037,1995,62,0,0
desync_coreutils_64_O0_make-prime-list,obfuscated,d3_max,switch_rule,obfuscated,0.90,16435,4099,0,0,0,4099,0,0
desync_coreutils_64_O0_make-prime-list,obfuscated,d3_max,switch_guard,obfuscated,0.50,16435,4099,6052,4041,2011,58,0,0
desync_coreutils_64_O0_make-prime-list,obfuscated,d3_max,switch_guard,obfuscated,0.70,16435,4099,6032,4037,1995,62,0,0
desync_coreutils_64_O0_make-prime-list,obfuscated,d3_max,switch_guard,obfuscated,0.90,16435,4099,0,0,0,4099,0,0
desync_coreutils_64_O0_make-prime-list,obfuscated,d3_max,oracle,obfuscated,0.50,16435,4099,6052,4041,2011,58,0,0
desync_coreutils_64_O0_make-prime-list,obfuscated,d3_max,oracle,obfuscated,0.70,16435,4099,6032,4037,1995,62,0,0
desync_coreutils_64_O0_make-prime-list,obfuscated,d3_max,oracle,obfuscated,0.90,16435,4099,0,0,0,4099,0,0
desync_coreutils_64_O0_factor,obfuscated,pilot,stale,benign,0.50,176711,51434,59587,50528,9059,906,0,0
desync_coreutils_64_O0_factor,obfuscated,pilot,stale,benign,0.70,176711,51434,58146,49899,8247,1535,0,0
desync_coreutils_64_O0_factor,obfuscated,pilot,stale,benign,0.90,176711,51434,57478,49495,7983,1939,0,0
desync_coreutils_64_O0_factor,obfuscated,pilot,switch_rule,obfuscated,0.50,176711,51434,58034,49846,8188,1588,0,0
desync_coreutils_64_O0_factor,obfuscated,pilot,switch_rule,obfuscated,0.70,176711,51434,57569,49559,8010,1875,0,0
desync_coreutils_64_O0_factor,obfuscated,pilot,switch_rule,obfuscated,0.90,176711,51434,0,0,0,51434,0,0
desync_coreutils_64_O0_factor,obfuscated,pilot,switch_guard,obfuscated,0.50,176711,51434,58034,49846,8188,1588,0,0
desync_coreutils_64_O0_factor,obfuscated,pilot,switch_guard,obfuscated,0.70,176711,51434,57569,49559,8010,1875,0,0
desync_coreutils_64_O0_factor,obfuscated,pilot,switch_guard,obfuscated,0.90,176711,51434,0,0,0,51434,0,0
desync_coreutils_64_O0_factor,obfuscated,pilot,oracle,obfuscated,0.50,176711,51434,58034,49846,8188,1588,0,0
desync_coreutils_64_O0_factor,obfuscated,pilot,oracle,obfuscated,0.70,176711,51434,57569,49559,8010,1875,0,0
desync_coreutils_64_O0_factor,obfuscated,pilot,oracle,obfuscated,0.90,176711,51434,0,0,0,51434,0,0
desync_coreutils_64_O0_od,obfuscated,pilot,stale,benign,0.50,184624,51003,59077,49395,9682,1608,0,0
desync_coreutils_64_O0_od,obfuscated,pilot,stale,benign,0.70,184624,51003,56405,48348,8057,2655,0,0
desync_coreutils_64_O0_od,obfuscated,pilot,stale,benign,0.90,184624,51003,55176,47563,7613,3440,0,0
desync_coreutils_64_O0_od,obfuscated,pilot,switch_rule,obfuscated,0.50,184624,51003,56239,48269,7970,2734,0,0
desync_coreutils_64_O0_od,obfuscated,pilot,switch_rule,obfuscated,0.70,184624,51003,55384,47708,7676,3295,0,0
desync_coreutils_64_O0_od,obfuscated,pilot,switch_rule,obfuscated,0.90,184624,51003,0,0,0,51003,0,0
desync_coreutils_64_O0_od,obfuscated,pilot,switch_guard,obfuscated,0.50,184624,51003,56239,48269,7970,2734,0,0
desync_coreutils_64_O0_od,obfuscated,pilot,switch_guard,obfuscated,0.70,184624,51003,55384,47708,7676,3295,0,0
desync_coreutils_64_O0_od,obfuscated,pilot,switch_guard,obfuscated,0.90,184624,51003,0,0,0,51003,0,0
desync_coreutils_64_O0_od,obfuscated,pilot,oracle,obfuscated,0.50,184624,51003,56239,48269,7970,2734,0,0
desync_coreutils_64_O0_od,obfuscated,pilot,oracle,obfuscated,0.70,184624,51003,55384,47708,7676,3295,0,0
desync_coreutils_64_O0_od,obfuscated,pilot,oracle,obfuscated,0.90,184624,51003,0,0,0,51003,0,0
desync_coreutils_64_O0_env,obfuscated,pilot,stale,benign,0.50,55432,16090,18640,15693,2947,397,0,0
desync_coreutils_64_O0_env,obfuscated,pilot,stale,benign,0.70,55432,16090,17979,15410,2569,680,0,0
desync_coreutils_64_O0_env,obfuscated,pilot,stale,benign,0.90,55432,16090,17592,15148,2444,942,0,0
desync_coreutils_64_O0_env,obfuscated,pilot,switch_rule,obfuscated,0.50,55432,16090,17916,15376,2540,714,0,0
desync_coreutils_64_O0_env,obfuscated,pilot,switch_rule,obfuscated,0.70,55432,16090,17650,15196,2454,894,0,0
desync_coreutils_64_O0_env,obfuscated,pilot,switch_rule,obfuscated,0.90,55432,16090,0,0,0,16090,0,0
desync_coreutils_64_O0_env,obfuscated,pilot,switch_guard,obfuscated,0.50,55432,16090,17916,15376,2540,714,0,0
desync_coreutils_64_O0_env,obfuscated,pilot,switch_guard,obfuscated,0.70,55432,16090,17650,15196,2454,894,0,0
desync_coreutils_64_O0_env,obfuscated,pilot,switch_guard,obfuscated,0.90,55432,16090,0,0,0,16090,0,0
desync_coreutils_64_O0_env,obfuscated,pilot,oracle,obfuscated,0.50,55432,16090,17916,15376,2540,714,0,0
desync_coreutils_64_O0_env,obfuscated,pilot,oracle,obfuscated,0.70,55432,16090,17650,15196,2454,894,0,0
desync_coreutils_64_O0_env,obfuscated,pilot,oracle,obfuscated,0.90,55432,16090,0,0,0,16090,0,0
desync_coreutils_64_O0_env,obfuscated,d1_med,stale,benign,0.50,76197,22124,26934,21710,5224,414,0,0
desync_coreutils_64_O0_env,obfuscated,d1_med,stale,benign,0.70,76197,22124,26323,21461,4862,663,0,0
desync_coreutils_64_O0_env,obfuscated,d1_med,stale,benign,0.90,76197,22124,25994,21246,4748,878,0,0
desync_coreutils_64_O0_env,obfuscated,d1_med,switch_rule,obfuscated,0.50,76197,22124,26277,21434,4843,690,0,0
desync_coreutils_64_O0_env,obfuscated,d1_med,switch_rule,obfuscated,0.70,76197,22124,26046,21284,4762,840,0,0
desync_coreutils_64_O0_env,obfuscated,d1_med,switch_rule,obfuscated,0.90,76197,22124,0,0,0,22124,0,0
desync_coreutils_64_O0_env,obfuscated,d1_med,switch_guard,obfuscated,0.50,76197,22124,26277,21434,4843,690,0,0
desync_coreutils_64_O0_env,obfuscated,d1_med,switch_guard,obfuscated,0.70,76197,22124,26046,21284,4762,840,0,0
desync_coreutils_64_O0_env,obfuscated,d1_med,switch_guard,obfuscated,0.90,76197,22124,0,0,0,22124,0,0
desync_coreutils_64_O0_env,obfuscated,d1_med,oracle,obfuscated,0.50,76197,22124,26277,21434,4843,690,0,0
desync_coreutils_64_O0_env,obfuscated,d1_med,oracle,obfuscated,0.70,76197,22124,26046,21284,4762,840,0,0
desync_coreutils_64_O0_env,obfuscated,d1_med,oracle,obfuscated,0.90,76197,22124,0,0,0,22124,0,0
desync_coreutils_64_O0_ln,obfuscated,pilot,stale,benign,0.50,97707,28374,33139,27844,5295,530,0,0
desync_coreutils_64_O0_ln,obfuscated,pilot,stale,benign,0.70,97707,28374,32205,27408,4797,966,0,0
desync_coreutils_64_O0_ln,obfuscated,pilot,stale,benign,0.90,97707,28374,31706,27089,4617,1285,0,0
desync_coreutils_64_O0_ln,obfuscated,pilot,switch_rule,obfuscated,0.50,97707,28374,32138,27372,4766,1002,0,0
desync_coreutils_64_O0_ln,obfuscated,pilot,switch_rule,obfuscated,0.70,97707,28374,31785,27140,4645,1234,0,0
desync_coreutils_64_O0_ln,obfuscated,pilot,switch_rule,obfuscated,0.90,97707,28374,0,0,0,28374,0,0
desync_coreutils_64_O0_ln,obfuscated,pilot,switch_guard,obfuscated,0.50,97707,28374,32138,27372,4766,1002,0,0
desync_coreutils_64_O0_ln,obfuscated,pilot,switch_guard,obfuscated,0.70,97707,28374,31785,27140,4645,1234,0,0
desync_coreutils_64_O0_ln,obfuscated,pilot,switch_guard,obfuscated,0.90,97707,28374,0,0,0,28374,0,0
desync_coreutils_64_O0_ln,obfuscated,pilot,oracle,obfuscated,0.50,97707,28374,32138,27372,4766,1002,0,0
desync_coreutils_64_O0_ln,obfuscated,pilot,oracle,obfuscated,0.70,97707,28374,31785,27140,4645,1234,0,0
desync_coreutils_64_O0_ln,obfuscated,pilot,oracle,obfuscated,0.90,97707,28374,0,0,0,28374,0,0
desync_coreutils_64_O0_ln,obfuscated,d1_med,stale,benign,0.50,131592,38062,46353,37390,8963,672,0,0
desync_coreutils_64_O0_ln,obfuscated,d1_med,stale,benign,0.70,131592,38062,45516,37064,8452,998,0,0
desync_coreutils_64_O0_ln,obfuscated,d1_med,stale,benign,0.90,131592,38062,45049,36767,8282,1295,0,0
desync_coreutils_64_O0_ln,obfuscated,d1_med,switch_rule,obfuscated,0.50,131592,38062,45422,37023,8399,1039,0,0
desync_coreutils_64_O0_ln,obfuscated,d1_med,switch_rule,obfuscated,0.70,131592,38062,45121,36828,8293,1234,0,0
desync_coreutils_64_O0_ln,obfuscated,d1_med,switch_rule,obfuscated,0.90,131592,38062,0,0,0,38062,0,0
desync_coreutils_64_O0_ln,obfuscated,d1_med,switch_guard,obfuscated,0.50,131592,38062,45422,37023,8399,1039,0,0
desync_coreutils_64_O0_ln,obfuscated,d1_med,switch_guard,obfuscated,0.70,131592,38062,45121,36828,8293,1234,0,0
desync_coreutils_64_O0_ln,obfuscated,d1_med,switch_guard,obfuscated,0.90,131592,38062,0,0,0,38062,0,0
desync_coreutils_64_O0_ln,obfuscated,d1_med,oracle,obfuscated,0.50,131592,38062,45422,37023,8399,1039,0,0
desync_coreutils_64_O0_ln,obfuscated,d1_med,oracle,obfuscated,0.70,131592,38062,45121,36828,8293,1234,0,0
desync_coreutils_64_O0_ln,obfuscated,d1_med,oracle,obfuscated,0.90,131592,38062,0,0,0,38062,0,0
desync_coreutils_64_O0_nl,obfuscated,pilot,stale,benign,0.50,50635,14716,17110,14225,2885,491,0,0
desync_coreutils_64_O0_nl,obfuscated,pilot,stale,benign,0.70,50635,14716,16312,13876,2436,840,0,0
desync_coreutils_64_O0_nl,obfuscated,pilot,stale,benign,0.90,50635,14716,15905,13612,2293,1104,0,0
desync_coreutils_64_O0_nl,obfuscated,pilot,switch_rule,obfuscated,0.50,50635,14716,16260,13849,2411,867,0,0
desync_coreutils_64_O0_nl,obfuscated,pilot,switch_rule,obfuscated,0.70,50635,14716,15964,13656,2308,1060,0,0
desync_coreutils_64_O0_nl,obfuscated,pilot,switch_rule,obfuscated,0.90,50635,14716,0,0,0,14716,0,0
desync_coreutils_64_O0_nl,obfuscated,pilot,switch_guard,obfuscated,0.50,50635,14716,16260,13849,2411,867,0,0
desync_coreutils_64_O0_nl,obfuscated,pilot,switch_guard,obfuscated,0.70,50635,14716,15964,13656,2308,1060,0,0
desync_coreutils_64_O0_nl,obfuscated,pilot,switch_guard,obfuscated,0.90,50635,14716,0,0,0,14716,0,0
desync_coreutils_64_O0_nl,obfuscated,pilot,oracle,obfuscated,0.50,50635,14716,16260,13849,2411,867,0,0
desync_coreutils_64_O0_nl,obfuscated,pilot,oracle,obfuscated,0.70,50635,14716,15964,13656,2308,1060,0,0
desync_coreutils_64_O0_nl,obfuscated,pilot,oracle,obfuscated,0.90,50635,14716,0,0,0,14716,0,0
desync_coreutils_64_O0_nl,obfuscated,d1_med,stale,benign,0.50,69168,20074,24284,19582,4702,492,0,0
desync_coreutils_64_O0_nl,obfuscated,d1_med,stale,benign,0.70,69168,20074,23665,19331,4334,743,0,0
desync_coreutils_64_O0_nl,obfuscated,d1_med,stale,benign,0.90,69168,20074,23382,19158,4224,916,0,0
desync_coreutils_64_O0_nl,obfuscated,d1_med,switch_rule,obfuscated,0.50,69168,20074,23623,19311,4312,763,0,0
desync_coreutils_64_O0_nl,obfuscated,d1_med,switch_rule,obfuscated,0.70,69168,20074,23422,19193,4229,881,0,0
desync_coreutils_64_O0_nl,obfuscated,d1_med,switch_rule,obfuscated,0.90,69168,20074,0,0,0,20074,0,0
desync_coreutils_64_O0_nl,obfuscated,d1_med,switch_guard,obfuscated,0.50,69168,20074,23623,19311,4312,763,0,0
desync_coreutils_64_O0_nl,obfuscated,d1_med,switch_guard,obfuscated,0.70,69168,20074,23422,19193,4229,881,0,0
desync_coreutils_64_O0_nl,obfuscated,d1_med,switch_guard,obfuscated,0.90,69168,20074,0,0,0,20074,0,0
desync_coreutils_64_O0_nl,obfuscated,d1_med,oracle,obfuscated,0.50,69168,20074,23623,19311,4312,763,0,0
desync_coreutils_64_O0_nl,obfuscated,d1_med,oracle,obfuscated,0.70,69168,20074,23422,19193,4229,881,0,0
desync_coreutils_64_O0_nl,obfuscated,d1_med,oracle,obfuscated,0.90,69168,20074,0,0,0,20074,0,0
desync_coreutils_64_O0_vdir,obfuscated,pilot,stale,benign,0.50,209495,60387,69816,58836,10980,1551,0,0
desync_coreutils_64_O0_vdir,obfuscated,pilot,stale,benign,0.70,209495,60387,67075,57665,9410,2722,0,0
desync_coreutils_64_O0_vdir,obfuscated,pilot,stale,benign,0.90,209495,60387,65711,56820,8891,3567,0,0
desync_coreutils_64_O0_vdir,obfuscated,pilot,switch_rule,obfuscated,0.50,209495,60387,66895,57566,9329,2821,0,0
desync_coreutils_64_O0_vdir,obfuscated,pilot,switch_rule,obfuscated,0.70,209495,60387,65931,56977,8954,3410,0,0
desync_coreutils_64_O0_vdir,obfuscated,pilot,switch_rule,obfuscated,0.90,209495,60387,0,0,0,60387,0,0
desync_coreutils_64_O0_vdir,obfuscated,pilot,switch_guard,obfuscated,0.50,209495,60387,66895,57566,9329,2821,0,0
desync_coreutils_64_O0_vdir,obfuscated,pilot,switch_guard,obfuscated,0.70,209495,60387,65931,56977,8954,3410,0,0
desync_coreutils_64_O0_vdir,obfuscated,pilot,switch_guard,obfuscated,0.90,209495,60387,0,0,0,60387,0,0
desync_coreutils_64_O0_vdir,obfuscated,pilot,oracle,obfuscated,0.50,209495,60387,66895,57566,9329,2821,0,0
desync_coreutils_64_O0_vdir,obfuscated,pilot,oracle,obfuscated,0.70,209495,60387,65931,56977,8954,3410,0,0
desync_coreutils_64_O0_vdir,obfuscated,pilot,oracle,obfuscated,0.90,209495,60387,0,0,0,60387,0,0
desync_coreutils_64_O0_pr,obfuscated,pilot,stale,benign,0.50,107648,31065,36018,30215,5803,850,0,0
desync_coreutils_64_O0_pr,obfuscated,pilot,stale,benign,0.70,107648,31065,34451,29566,4885,1499,0,0
desync_coreutils_64_O0_pr,obfuscated,pilot,stale,benign,0.90,107648,31065,33605,28977,4628,2088,0,0
desync_coreutils_64_O0_pr,obfuscated,pilot,switch_rule,obfuscated,0.50,107648,31065,34345,29499,4846,1566,0,0
desync_coreutils_64_O0_pr,obfuscated,pilot,switch_rule,obfuscated,0.70,107648,31065,33760,29094,4666,1971,0,0
desync_coreutils_64_O0_pr,obfuscated,pilot,switch_rule,obfuscated,0.90,107648,31065,0,0,0,31065,0,0
desync_coreutils_64_O0_pr,obfuscated,pilot,switch_guard,obfuscated,0.50,107648,31065,34345,29499,4846,1566,0,0
desync_coreutils_64_O0_pr,obfuscated,pilot,switch_guard,obfuscated,0.70,107648,31065,33760,29094,4666,1971,0,0
desync_coreutils_64_O0_pr,obfuscated,pilot,switch_guard,obfuscated,0.90,107648,31065,0,0,0,31065,0,0
desync_coreutils_64_O0_pr,obfuscated,pilot,oracle,obfuscated,0.50,107648,31065,34345,29499,4846,1566,0,0
desync_coreutils_64_O0_pr,obfuscated,pilot,oracle,obfuscated,0.70,107648,31065,33760,29094,4666,1971,0,0
desync_coreutils_64_O0_pr,obfuscated,pilot,oracle,obfuscated,0.90,107648,31065,0,0,0,31065,0,0
desync_coreutils_64_O0_nproc,obfuscated,pilot,stale,benign,0.50,41554,12191,14026,11800,2226,391,0,0
desync_coreutils_64_O0_nproc,obfuscated,pilot,stale,benign,0.70,41554,12191,13410,11535,1875,656,0,0
desync_coreutils_64_O0_nproc,obfuscated,pilot,stale,benign,0.90,41554,12191,13010,11251,1759,940,0,0
desync_coreutils_64_O0_nproc,obfuscated,pilot,switch_rule,obfuscated,0.50,41554,12191,13344,11493,1851,698,0,0
desync_coreutils_64_O0_nproc,obfuscated,pilot,switch_rule,obfuscated,0.70,41554,12191,13073,11305,1768,886,0,0
desync_coreutils_64_O0_nproc,obfuscated,pilot,switch_rule,obfuscated,0.90,41554,12191,0,0,0,12191,0,0
desync_coreutils_64_O0_nproc,obfuscated,pilot,switch_guard,obfuscated,0.50,41554,12191,13344,11493,1851,698,0,0
desync_coreutils_64_O0_nproc,obfuscated,pilot,switch_guard,obfuscated,0.70,41554,12191,13073,11305,1768,886,0,0
desync_coreutils_64_O0_nproc,obfuscated,pilot,switch_guard,obfuscated,0.90,41554,12191,0,0,0,12191,0,0
desync_coreutils_64_O0_nproc,obfuscated,pilot,oracle,obfuscated,0.50,41554,12191,13344,11493,1851,698,0,0
desync_coreutils_64_O0_nproc,obfuscated,pilot,oracle,obfuscated,0.70,41554,12191,13073,11305,1768,886,0,0
desync_coreutils_64_O0_nproc,obfuscated,pilot,oracle,obfuscated,0.90,41554,12191,0,0,0,12191,0,0
desync_coreutils_64_O0_nproc,obfuscated,d1_med,stale,benign,0.50,56992,16676,20107,16227,3880,449,0,0
desync_coreutils_64_O0_nproc,obfuscated,d1_med,stale,benign,0.70,56992,16676,19466,15967,3499,709,0,0
desync_coreutils_64_O0_nproc,obfuscated,d1_med,stale,benign,0.90,56992,16676,19137,15753,3384,923,0,0
desync_coreutils_64_O0_nproc,obfuscated,d1_med,switch_rule,obfuscated,0.50,56992,16676,19411,15942,3469,734,0,0
desync_coreutils_64_O0_nproc,obfuscated,d1_med,switch_rule,obfuscated,0.70,56992,16676,19186,15793,3393,883,0,0
desync_coreutils_64_O0_nproc,obfuscated,d1_med,switch_rule,obfuscated,0.90,56992,16676,0,0,0,16676,0,0
desync_coreutils_64_O0_nproc,obfuscated,d1_med,switch_guard,obfuscated,0.50,56992,16676,19411,15942,3469,734,0,0
desync_coreutils_64_O0_nproc,obfuscated,d1_med,switch_guard,obfuscated,0.70,56992,16676,19186,15793,3393,883,0,0
desync_coreutils_64_O0_nproc,obfuscated,d1_med,switch_guard,obfuscated,0.90,56992,16676,0,0,0,16676,0,0
desync_coreutils_64_O0_nproc,obfuscated,d1_med,oracle,obfuscated,0.50,56992,16676,19411,15942,3469,734,0,0
desync_coreutils_64_O0_nproc,obfuscated,d1_med,oracle,obfuscated,0.70,56992,16676,19186,15793,3393,883,0,0
desync_coreutils_64_O0_nproc,obfuscated,d1_med,oracle,obfuscated,0.90,56992,16676,0,0,0,16676,0,0
desync_coreutils_64_O0_nproc,obfuscated,d2_heavy,stale,benign,0.50,132209,36862,49651,36367,13284,495,0,0
desync_coreutils_64_O0_nproc,obfuscated,d2_heavy,stale,benign,0.70,132209,36862,49066,36215,12851,647,0,0
desync_coreutils_64_O0_nproc,obfuscated,d2_heavy,stale,benign,0.90,132209,36862,48867,36132,12735,730,0,0
desync_coreutils_64_O0_nproc,obfuscated,d2_heavy,switch_rule,obfuscated,0.50,132209,36862,49052,36210,12842,652,0,0
desync_coreutils_64_O0_nproc,obfuscated,d2_heavy,switch_rule,obfuscated,0.70,132209,36862,48894,36146,12748,716,0,0
desync_coreutils_64_O0_nproc,obfuscated,d2_heavy,switch_rule,obfuscated,0.90,132209,36862,0,0,0,36862,0,0
desync_coreutils_64_O0_nproc,obfuscated,d2_heavy,switch_guard,obfuscated,0.50,132209,36862,49052,36210,12842,652,0,0
desync_coreutils_64_O0_nproc,obfuscated,d2_heavy,switch_guard,obfuscated,0.70,132209,36862,48894,36146,12748,716,0,0
desync_coreutils_64_O0_nproc,obfuscated,d2_heavy,switch_guard,obfuscated,0.90,132209,36862,0,0,0,36862,0,0
desync_coreutils_64_O0_nproc,obfuscated,d2_heavy,oracle,obfuscated,0.50,132209,36862,49052,36210,12842,652,0,0
desync_coreutils_64_O0_nproc,obfuscated,d2_heavy,oracle,obfuscated,0.70,132209,36862,48894,36146,12748,716,0,0
desync_coreutils_64_O0_nproc,obfuscated,d2_heavy,oracle,obfuscated,0.90,132209,36862,0,0,0,36862,0,0
desync_coreutils_64_O0_nproc,obfuscated,d3_max,stale,benign,0.50,141563,36160,53198,35703,17495,457,0,0
desync_coreutils_64_O0_nproc,obfuscated,d3_max,stale,benign,0.70,141563,36160,52236,35559,16677,601,0,0
desync_coreutils_64_O0_nproc,obfuscated,d3_max,stale,benign,0.90,141563,36160,51881,35442,16439,718,0,0
desync_coreutils_64_O0_nproc,obfuscated,d3_max,switch_rule,obfuscated,0.50,141563,36160,52211,35546,16665,614,0,0
desync_coreutils_64_O0_nproc,obfuscated,d3_max,switch_rule,obfuscated,0.70,141563,36160,51952,35471,16481,689,0,0
desync_coreutils_64_O0_nproc,obfuscated,d3_max,switch_rule,obfuscated,0.90,141563,36160,0,0,0,36160,0,0
desync_coreutils_64_O0_nproc,obfuscated,d3_max,switch_guard,obfuscated,0.50,141563,36160,52211,35546,16665,614,0,0
desync_coreutils_64_O0_nproc,obfuscated,d3_max,switch_guard,obfuscated,0.70,141563,36160,51952,35471,16481,689,0,0
desync_coreutils_64_O0_nproc,obfuscated,d3_max,switch_guard,obfuscated,0.90,141563,36160,0,0,0,36160,0,0
desync_coreutils_64_O0_nproc,obfuscated,d3_max,oracle,obfuscated,0.50,141563,36160,52211,35546,16665,614,0,0
desync_coreutils_64_O0_nproc,obfuscated,d3_max,oracle,obfuscated,0.70,141563,36160,51952,35471,16481,689,0,0
desync_coreutils_64_O0_nproc,obfuscated,d3_max,oracle,obfuscated,0.90,141563,36160,0,0,0,36160,0,0
dir_upx_nrv__nrv,packed,nrv,stale,benign,0.50,43661,0,17795,0,16458,0,40468,16458
dir_upx_nrv__nrv,packed,nrv,stale,benign,0.70,43661,0,9590,0,8736,0,40468,8736
dir_upx_nrv__nrv,packed,nrv,stale,benign,0.90,43661,0,6314,0,5641,0,40468,5641
dir_upx_nrv__nrv,packed,nrv,switch_rule,packed,0.50,43661,0,0,0,0,0,40468,0
dir_upx_nrv__nrv,packed,nrv,switch_rule,packed,0.70,43661,0,0,0,0,0,40468,0
dir_upx_nrv__nrv,packed,nrv,switch_rule,packed,0.90,43661,0,0,0,0,0,40468,0
dir_upx_nrv__nrv,packed,nrv,switch_guard,packed,0.50,43661,0,0,0,0,0,40468,0
dir_upx_nrv__nrv,packed,nrv,switch_guard,packed,0.70,43661,0,0,0,0,0,40468,0
dir_upx_nrv__nrv,packed,nrv,switch_guard,packed,0.90,43661,0,0,0,0,0,40468,0
dir_upx_nrv__nrv,packed,nrv,oracle,packed,0.50,43661,0,0,0,0,0,40468,0
dir_upx_nrv__nrv,packed,nrv,oracle,packed,0.70,43661,0,0,0,0,0,40468,0
dir_upx_nrv__nrv,packed,nrv,oracle,packed,0.90,43661,0,0,0,0,0,40468,0
ls_upx_nrv__nrv,packed,nrv,stale,benign,0.50,43653,0,17811,0,16463,0,40465,16463
ls_upx_nrv__nrv,packed,nrv,stale,benign,0.70,43653,0,9591,0,8734,0,40465,8734
ls_upx_nrv__nrv,packed,nrv,stale,benign,0.90,43653,0,6316,0,5641,0,40465,5641
ls_upx_nrv__nrv,packed,nrv,switch_rule,packed,0.50,43653,0,0,0,0,0,40465,0
ls_upx_nrv__nrv,packed,nrv,switch_rule,packed,0.70,43653,0,0,0,0,0,40465,0
ls_upx_nrv__nrv,packed,nrv,switch_rule,packed,0.90,43653,0,0,0,0,0,40465,0
ls_upx_nrv__nrv,packed,nrv,switch_guard,packed,0.50,43653,0,0,0,0,0,40465,0
ls_upx_nrv__nrv,packed,nrv,switch_guard,packed,0.70,43653,0,0,0,0,0,40465,0
ls_upx_nrv__nrv,packed,nrv,switch_guard,packed,0.90,43653,0,0,0,0,0,40465,0
ls_upx_nrv__nrv,packed,nrv,oracle,packed,0.50,43653,0,0,0,0,0,40465,0
ls_upx_nrv__nrv,packed,nrv,oracle,packed,0.70,43653,0,0,0,0,0,40465,0
ls_upx_nrv__nrv,packed,nrv,oracle,packed,0.90,43653,0,0,0,0,0,40465,0
sha256sum_upx_nrv__nrv,packed,nrv,stale,benign,0.50,19523,0,8137,0,6762,0,16335,6762
sha256sum_upx_nrv__nrv,packed,nrv,stale,benign,0.70,19523,0,4609,0,3677,0,16335,3677
sha256sum_upx_nrv__nrv,packed,nrv,stale,benign,0.90,19523,0,3102,0,2420,0,16335,2420
sha256sum_upx_nrv__nrv,packed,nrv,switch_rule,packed,0.50,19523,0,0,0,0,0,16335,0
sha256sum_upx_nrv__nrv,packed,nrv,switch_rule,packed,0.70,19523,0,0,0,0,0,16335,0
sha256sum_upx_nrv__nrv,packed,nrv,switch_rule,packed,0.90,19523,0,0,0,0,0,16335,0
sha256sum_upx_nrv__nrv,packed,nrv,switch_guard,packed,0.50,19523,0,0,0,0,0,16335,0
sha256sum_upx_nrv__nrv,packed,nrv,switch_guard,packed,0.70,19523,0,0,0,0,0,16335,0
sha256sum_upx_nrv__nrv,packed,nrv,switch_guard,packed,0.90,19523,0,0,0,0,0,16335,0
sha256sum_upx_nrv__nrv,packed,nrv,oracle,packed,0.50,19523,0,0,0,0,0,16335,0
sha256sum_upx_nrv__nrv,packed,nrv,oracle,packed,0.70,19523,0,0,0,0,0,16335,0
sha256sum_upx_nrv__nrv,packed,nrv,oracle,packed,0.90,19523,0,0,0,0,0,16335,0
base64_upx_nrv__nrv,packed,nrv,stale,benign,0.50,16654,0,6860,0,5513,0,13465,5513
base64_upx_nrv__nrv,packed,nrv,stale,benign,0.70,16654,0,3806,0,2962,0,13465,2962
base64_upx_nrv__nrv,packed,nrv,stale,benign,0.90,16654,0,2634,0,1970,0,13465,1970
base64_upx_nrv__nrv,packed,nrv,switch_rule,packed,0.50,16654,0,0,0,0,0,13465,0
base64_upx_nrv__nrv,packed,nrv,switch_rule,packed,0.70,16654,0,0,0,0,0,13465,0
base64_upx_nrv__nrv,packed,nrv,switch_rule,packed,0.90,16654,0,0,0,0,0,13465,0
base64_upx_nrv__nrv,packed,nrv,switch_guard,packed,0.50,16654,0,0,0,0,0,13465,0
base64_upx_nrv__nrv,packed,nrv,switch_guard,packed,0.70,16654,0,0,0,0,0,13465,0
base64_upx_nrv__nrv,packed,nrv,switch_guard,packed,0.90,16654,0,0,0,0,0,13465,0
base64_upx_nrv__nrv,packed,nrv,oracle,packed,0.50,16654,0,0,0,0,0,13465,0
base64_upx_nrv__nrv,packed,nrv,oracle,packed,0.70,16654,0,0,0,0,0,13465,0
base64_upx_nrv__nrv,packed,nrv,oracle,packed,0.90,16654,0,0,0,0,0,13465,0
sha256sum_upx_lzma__lzma,packed,lzma,stale,benign,0.50,18307,0,7815,0,6030,0,14011,6030
sha256sum_upx_lzma__lzma,packed,lzma,stale,benign,0.70,18307,0,4477,0,3389,0,14011,3389
sha256sum_upx_lzma__lzma,packed,lzma,stale,benign,0.90,18307,0,2967,0,2205,0,14011,2205
sha256sum_upx_lzma__lzma,packed,lzma,switch_rule,packed,0.50,18307,0,0,0,0,0,14011,0
sha256sum_upx_lzma__lzma,packed,lzma,switch_rule,packed,0.70,18307,0,0,0,0,0,14011,0
sha256sum_upx_lzma__lzma,packed,lzma,switch_rule,packed,0.90,18307,0,0,0,0,0,14011,0
sha256sum_upx_lzma__lzma,packed,lzma,switch_guard,packed,0.50,18307,0,0,0,0,0,14011,0
sha256sum_upx_lzma__lzma,packed,lzma,switch_guard,packed,0.70,18307,0,0,0,0,0,14011,0
sha256sum_upx_lzma__lzma,packed,lzma,switch_guard,packed,0.90,18307,0,0,0,0,0,14011,0
sha256sum_upx_lzma__lzma,packed,lzma,oracle,packed,0.50,18307,0,0,0,0,0,14011,0
sha256sum_upx_lzma__lzma,packed,lzma,oracle,packed,0.70,18307,0,0,0,0,0,14011,0
sha256sum_upx_lzma__lzma,packed,lzma,oracle,packed,0.90,18307,0,0,0,0,0,14011,0
du_upx_nrv__nrv,packed,nrv,stale,benign,0.50,41659,0,17148,0,15809,0,38469,15809
du_upx_nrv__nrv,packed,nrv,stale,benign,0.70,41659,0,9559,0,8708,0,38469,8708
du_upx_nrv__nrv,packed,nrv,stale,benign,0.90,41659,0,6504,0,5839,0,38469,5839
du_upx_nrv__nrv,packed,nrv,switch_rule,packed,0.50,41659,0,0,0,0,0,38469,0
du_upx_nrv__nrv,packed,nrv,switch_rule,packed,0.70,41659,0,0,0,0,0,38469,0
du_upx_nrv__nrv,packed,nrv,switch_rule,packed,0.90,41659,0,0,0,0,0,38469,0
du_upx_nrv__nrv,packed,nrv,switch_guard,packed,0.50,41659,0,0,0,0,0,38469,0
du_upx_nrv__nrv,packed,nrv,switch_guard,packed,0.70,41659,0,0,0,0,0,38469,0
du_upx_nrv__nrv,packed,nrv,switch_guard,packed,0.90,41659,0,0,0,0,0,38469,0
du_upx_nrv__nrv,packed,nrv,oracle,packed,0.50,41659,0,0,0,0,0,38469,0
du_upx_nrv__nrv,packed,nrv,oracle,packed,0.70,41659,0,0,0,0,0,38469,0
du_upx_nrv__nrv,packed,nrv,oracle,packed,0.90,41659,0,0,0,0,0,38469,0
base64_upx_lzma__lzma,packed,lzma,stale,benign,0.50,16137,0,6810,0,5022,0,11837,5022
base64_upx_lzma__lzma,packed,lzma,stale,benign,0.70,16137,0,3801,0,2712,0,11837,2712
base64_upx_lzma__lzma,packed,lzma,stale,benign,0.90,16137,0,2444,0,1676,0,11837,1676
base64_upx_lzma__lzma,packed,lzma,switch_rule,packed,0.50,16137,0,0,0,0,0,11837,0
base64_upx_lzma__lzma,packed,lzma,switch_rule,packed,0.70,16137,0,0,0,0,0,11837,0
base64_upx_lzma__lzma,packed,lzma,switch_rule,packed,0.90,16137,0,0,0,0,0,11837,0
base64_upx_lzma__lzma,packed,lzma,switch_guard,packed,0.50,16137,0,0,0,0,0,11837,0
base64_upx_lzma__lzma,packed,lzma,switch_guard,packed,0.70,16137,0,0,0,0,0,11837,0
base64_upx_lzma__lzma,packed,lzma,switch_guard,packed,0.90,16137,0,0,0,0,0,11837,0
base64_upx_lzma__lzma,packed,lzma,oracle,packed,0.50,16137,0,0,0,0,0,11837,0
base64_upx_lzma__lzma,packed,lzma,oracle,packed,0.70,16137,0,0,0,0,0,11837,0
base64_upx_lzma__lzma,packed,lzma,oracle,packed,0.90,16137,0,0,0,0,0,11837,0
dir_upx_lzma__lzma,packed,lzma,stale,benign,0.50,38341,0,16425,0,14636,0,34045,14636
dir_upx_lzma__lzma,packed,lzma,stale,benign,0.70,38341,0,9138,0,8049,0,34045,8049
dir_upx_lzma__lzma,packed,lzma,stale,benign,0.90,38341,0,5939,0,5163,0,34045,5163
dir_upx_lzma__lzma,packed,lzma,switch_rule,packed,0.50,38341,0,0,0,0,0,34045,0
dir_upx_lzma__lzma,packed,lzma,switch_rule,packed,0.70,38341,0,0,0,0,0,34045,0
dir_upx_lzma__lzma,packed,lzma,switch_rule,packed,0.90,38341,0,0,0,0,0,34045,0
dir_upx_lzma__lzma,packed,lzma,switch_guard,packed,0.50,38341,0,0,0,0,0,34045,0
dir_upx_lzma__lzma,packed,lzma,switch_guard,packed,0.70,38341,0,0,0,0,0,34045,0
dir_upx_lzma__lzma,packed,lzma,switch_guard,packed,0.90,38341,0,0,0,0,0,34045,0
dir_upx_lzma__lzma,packed,lzma,oracle,packed,0.50,38341,0,0,0,0,0,34045,0
dir_upx_lzma__lzma,packed,lzma,oracle,packed,0.70,38341,0,0,0,0,0,34045,0
dir_upx_lzma__lzma,packed,lzma,oracle,packed,0.90,38341,0,0,0,0,0,34045,0
p05_vm_baseline,benign,vmlegit,stale,benign,0.50,577,186,186,166,20,20,0,0
p05_vm_baseline,benign,vmlegit,stale,benign,0.70,577,186,124,122,2,64,0,0
p05_vm_baseline,benign,vmlegit,stale,benign,0.90,577,186,90,90,0,96,0,0
p05_vm_baseline,benign,vmlegit,switch_rule,benign,0.50,577,186,186,166,20,20,0,0
p05_vm_baseline,benign,vmlegit,switch_rule,benign,0.70,577,186,124,122,2,64,0,0
p05_vm_baseline,benign,vmlegit,switch_rule,benign,0.90,577,186,90,90,0,96,0,0
p05_vm_baseline,benign,vmlegit,switch_guard,benign,0.50,577,186,186,166,20,20,0,0
p05_vm_baseline,benign,vmlegit,switch_guard,benign,0.70,577,186,124,122,2,64,0,0
p05_vm_baseline,benign,vmlegit,switch_guard,benign,0.90,577,186,90,90,0,96,0,0
p05_vm_baseline,benign,vmlegit,oracle,benign,0.50,577,186,186,166,20,20,0,0
p05_vm_baseline,benign,vmlegit,oracle,benign,0.70,577,186,124,122,2,64,0,0
p05_vm_baseline,benign,vmlegit,oracle,benign,0.90,577,186,90,90,0,96,0,0
p05_vm_virt,benign,vmlegit,stale,benign,0.50,2630,592,611,555,56,37,0,0
p05_vm_virt,benign,vmlegit,stale,benign,0.70,2630,592,397,392,5,200,0,0
p05_vm_virt,benign,vmlegit,stale,benign,0.90,2630,592,358,355,3,237,0,0
p05_vm_virt,benign,vmlegit,switch_rule,packed,0.50,2630,592,0,0,0,592,0,0
p05_vm_virt,benign,vmlegit,switch_rule,packed,0.70,2630,592,0,0,0,592,0,0
p05_vm_virt,benign,vmlegit,switch_rule,packed,0.90,2630,592,0,0,0,592,0,0
p05_vm_virt,benign,vmlegit,switch_guard,benign,0.50,2630,592,611,555,56,37,0,0
p05_vm_virt,benign,vmlegit,switch_guard,benign,0.70,2630,592,397,392,5,200,0,0
p05_vm_virt,benign,vmlegit,switch_guard,benign,0.90,2630,592,358,355,3,237,0,0
p05_vm_virt,benign,vmlegit,oracle,benign,0.50,2630,592,611,555,56,37,0,0
p05_vm_virt,benign,vmlegit,oracle,benign,0.70,2630,592,397,392,5,200,0,0
p05_vm_virt,benign,vmlegit,oracle,benign,0.90,2630,592,358,355,3,237,0,0
vmbig,benign,vmlegit,stale,benign,0.50,1787,545,577,511,66,34,0,0
vmbig,benign,vmlegit,stale,benign,0.70,1787,545,408,403,5,142,0,0
vmbig,benign,vmlegit,stale,benign,0.90,1787,545,202,200,2,345,0,0
vmbig,benign,vmlegit,switch_rule,packed,0.50,1787,545,0,0,0,545,0,0
vmbig,benign,vmlegit,switch_rule,packed,0.70,1787,545,0,0,0,545,0,0
vmbig,benign,vmlegit,switch_rule,packed,0.90,1787,545,0,0,0,545,0,0
vmbig,benign,vmlegit,switch_guard,benign,0.50,1787,545,577,511,66,34,0,0
vmbig,benign,vmlegit,switch_guard,benign,0.70,1787,545,408,403,5,142,0,0
vmbig,benign,vmlegit,switch_guard,benign,0.90,1787,545,202,200,2,345,0,0
vmbig,benign,vmlegit,oracle,benign,0.50,1787,545,577,511,66,34,0,0
vmbig,benign,vmlegit,oracle,benign,0.70,1787,545,408,403,5,142,0,0
vmbig,benign,vmlegit,oracle,benign,0.90,1787,545,202,200,2,345,0,0
