name,arm,program,packer,build,packed,n,code_bytes,region_ent,s_glob,s_spat,t_n,fire_flat,fire_tn,rule_pick,guard_pick,rule_pick_tn,guard_pick_tn,gt_kind,ece_always_benign,ece_oracle,ece_rule,ece_guard
cat.kite__kite,breadth_reference,cat,kite,debian_coreutils,True,21914,24370,7.901022,0.790244,0.142089,0.114062,true,true,packed,packed,,,provable_data_mixed,0.367029,0.000000,0.000000,0.000000
comm.kite__kite,breadth_reference,comm,kite,debian_coreutils,True,20774,23182,7.893040,0.648934,0.146378,0.115275,true,true,packed,packed,,,provable_data_mixed,0.356908,0.000000,0.000000,0.000000
cut.kite__kite,breadth_reference,cut,kite,debian_coreutils,True,23489,26218,7.895748,0.665753,0.140804,0.112533,true,true,packed,packed,,,provable_data_mixed,0.354592,0.000000,0.000000,0.000000
fold.kite__kite,breadth_reference,fold,kite,debian_coreutils,True,20079,22473,7.892896,0.585612,0.140346,0.116065,true,true,packed,packed,,,provable_data_mixed,0.343049,0.000000,0.000000,0.000000
head.kite__kite,breadth_reference,head,kite,debian_coreutils,True,20868,23348,7.897030,0.722575,0.141655,0.115172,true,true,packed,packed,,,provable_data_mixed,0.362642,0.000000,0.000000,0.000000
join.kite__kite,breadth_reference,join,kite,debian_coreutils,True,22078,24783,7.897225,0.701817,0.156299,0.113895,true,true,packed,packed,,,provable_data_mixed,0.364376,0.000000,0.000000,0.000000
nl.kite__kite,breadth_reference,nl,kite,debian_coreutils,True,30282,34027,7.905394,0.778088,0.177830,0.107368,true,true,packed,packed,,,provable_data_mixed,0.371226,0.000000,0.000000,0.000000
paste.kite__kite,breadth_reference,paste,kite,debian_coreutils,True,20072,22439,7.893035,0.598537,0.153112,0.116074,true,true,packed,packed,,,provable_data_mixed,0.340969,0.000000,0.000000,0.000000
tail.kite__kite,breadth_reference,tail,kite,debian_coreutils,True,26301,29354,7.906455,0.776898,0.146234,0.110152,true,true,packed,packed,,,provable_data_mixed,0.360214,0.000000,0.000000,0.000000
tr.kite__kite,breadth_reference,tr,kite,debian_coreutils,True,22038,24653,7.893496,0.678131,0.144768,0.113935,true,true,packed,packed,,,provable_data_mixed,0.363004,0.000000,0.000000,0.000000
uniq.kite__kite,breadth_reference,uniq,kite,debian_coreutils,True,21592,24057,7.893284,0.712631,0.138855,0.114395,true,true,packed,packed,,,provable_data_mixed,0.363902,0.000000,0.000000,0.000000
wc.kite__kite,breadth_reference,wc,kite,debian_coreutils,True,21029,23612,7.890055,0.698645,0.133993,0.114995,true,true,packed,packed,,,provable_data_mixed,0.355744,0.000000,0.000000,0.000000
cat.kiten__kiten,breadth_reference,cat,kiten,debian_coreutils,True,7899,8584,5.913357,0.454187,0.167986,0.143902,true,true,packed,benign,,,routing_only,0.282905,0.000000,0.000000,0.282905
comm.kiten__kiten,breadth_reference,comm,kiten,debian_coreutils,True,7904,8584,5.913357,0.464668,0.164374,0.143878,true,true,packed,benign,,,routing_only,0.283274,0.000000,0.000000,0.283274
cut.kiten__kiten,breadth_reference,cut,kiten,debian_coreutils,True,7899,8584,5.913357,0.453196,0.166829,0.143902,true,true,packed,benign,,,routing_only,0.282942,0.000000,0.000000,0.282942
fold.kiten__kiten,breadth_reference,fold,kiten,debian_coreutils,True,7905,8584,5.913357,0.454531,0.168298,0.143873,true,true,packed,benign,,,routing_only,0.283182,0.000000,0.000000,0.283182
head.kiten__kiten,breadth_reference,head,kiten,debian_coreutils,True,7905,8584,5.913357,0.452809,0.166370,0.143873,true,true,packed,benign,,,routing_only,0.283189,0.000000,0.000000,0.283189
join.kiten__kiten,breadth_reference,join,kiten,debian_coreutils,True,7902,8584,5.913357,0.454438,0.168404,0.143888,true,true,packed,benign,,,routing_only,0.282914,0.000000,0.000000,0.282914
nl.kiten__kiten,breadth_reference,nl,kiten,debian_coreutils,True,7906,8584,5.913357,0.452469,0.161619,0.143869,true,true,packed,benign,,,routing_only,0.283667,0.000000,0.000000,0.283667
paste.kiten__kiten,breadth_reference,paste,kiten,debian_coreutils,True,7901,8584,5.913357,0.454728,0.168566,0.143892,true,true,packed,benign,,,routing_only,0.283174,0.000000,0.000000,0.283174
tail.kiten__kiten,breadth_reference,tail,kiten,debian_coreutils,True,7904,8584,5.913357,0.453083,0.166833,0.143878,true,true,packed,benign,,,routing_only,0.282803,0.000000,0.000000,0.282803
tr.kiten__kiten,breadth_reference,tr,kiten,debian_coreutils,True,7899,8584,5.913357,0.454283,0.166836,0.143902,true,true,packed,benign,,,routing_only,0.283108,0.000000,0.000000,0.283108
uniq.kiten__kiten,breadth_reference,uniq,kiten,debian_coreutils,True,7903,8584,5.913357,0.459587,0.147066,0.143883,true,true,packed,benign,,,routing_only,0.284050,0.000000,0.000000,0.284050
wc.kiten__kiten,breadth_reference,wc,kiten,debian_coreutils,True,7906,8584,5.913357,0.453096,0.166870,0.143869,true,true,packed,benign,,,routing_only,0.283219,0.000000,0.000000,0.283219
cat.upxlzma__upxlzma,breadth_reference,cat,upxlzma,debian_coreutils,True,19702,22366,7.841354,0.936895,0.190827,0.116511,true,true,packed,packed,,,provable_data,0.373753,0.000000,0.000000,0.000000
comm.upxlzma__upxlzma,breadth_reference,comm,upxlzma,debian_coreutils,True,16525,18766,7.832215,0.996767,0.177410,0.120857,true,true,packed,packed,,,provable_data,0.372939,0.000000,0.000000,0.000000
cut.upxlzma__upxlzma,breadth_reference,cut,upxlzma,debian_coreutils,True,19962,22694,7.838061,0.866840,0.164319,0.116203,true,true,packed,packed,,,provable_data,0.376265,0.000000,0.000000,0.000000
fold.upxlzma__upxlzma,breadth_reference,fold,upxlzma,debian_coreutils,True,15530,17654,7.832179,0.888603,0.170068,0.122485,true,true,packed,packed,,,provable_data,0.379867,0.000000,0.000000,0.000000
head.upxlzma__upxlzma,breadth_reference,head,upxlzma,debian_coreutils,True,18109,20526,7.824542,0.941526,0.191830,0.118547,true,true,packed,packed,,,provable_data,0.374311,0.000000,0.000000,0.000000
join.upxlzma__upxlzma,breadth_reference,join,upxlzma,debian_coreutils,True,19470,22166,7.841665,0.944848,0.170364,0.116792,true,true,packed,packed,,,provable_data,0.384334,0.000000,0.000000,0.000000
nl.upxlzma__upxlzma,breadth_reference,nl,upxlzma,debian_coreutils,True,39532,45262,7.848550,0.932241,0.182922,0.105178,true,true,packed,packed,,,provable_data,0.377330,0.000000,0.000000,0.000000
paste.upxlzma__upxlzma,breadth_reference,paste,upxlzma,debian_coreutils,True,15474,17494,7.832569,0.859366,0.168061,0.122581,true,true,packed,packed,,,provable_data,0.379824,0.000000,0.000000,0.000000
tail.upxlzma__upxlzma,breadth_reference,tail,upxlzma,debian_coreutils,True,26480,30222,7.846950,0.947940,0.180124,0.110014,true,true,packed,packed,,,provable_data,0.378283,0.000000,0.000000,0.000000
tr.upxlzma__upxlzma,breadth_reference,tr,upxlzma,debian_coreutils,True,19995,22758,7.834263,0.938782,0.168030,0.116164,true,true,packed,packed,,,provable_data,0.381234,0.000000,0.000000,0.000000
uniq.upxlzma__upxlzma,breadth_reference,uniq,upxlzma,debian_coreutils,True,18016,20382,7.839980,0.946259,0.192074,0.118674,true,true,packed,packed,,,provable_data,0.374547,0.000000,0.000000,0.000000
wc.upxlzma__upxlzma,breadth_reference,wc,upxlzma,debian_coreutils,True,17922,20414,7.838643,0.859268,0.168070,0.118804,true,true,packed,packed,,,provable_data,0.376499,0.000000,0.000000,0.000000
cat.upxnrv__upxnrv,breadth_reference,cat,upxnrv,debian_coreutils,True,19817,23141,7.712104,1.183582,0.222807,0.116374,true,true,packed,packed,,,provable_data,0.360556,0.000000,0.000000,0.000000
comm.upxnrv__upxnrv,breadth_reference,comm,upxnrv,debian_coreutils,True,16110,18709,7.696315,1.138418,0.183056,0.121517,true,true,packed,packed,,,provable_data,0.366725,0.000000,0.000000,0.000000
cut.upxnrv__upxnrv,breadth_reference,cut,upxnrv,debian_coreutils,True,20103,23413,7.709277,1.149110,0.209263,0.116037,true,true,packed,packed,,,provable_data,0.364030,0.000000,0.000000,0.000000
fold.upxnrv__upxnrv,breadth_reference,fold,upxnrv,debian_coreutils,True,14949,17445,7.731762,1.136135,0.203111,0.123510,true,true,packed,packed,,,provable_data,0.367614,0.000000,0.000000,0.000000
head.upxnrv__upxnrv,breadth_reference,head,upxnrv,debian_coreutils,True,17760,20669,7.699121,1.121659,0.203999,0.119029,true,true,packed,packed,,,provable_data,0.361070,0.000000,0.000000,0.000000
join.upxnrv__upxnrv,breadth_reference,join,upxnrv,debian_coreutils,True,19580,22781,7.721267,1.200841,0.206559,0.116658,true,true,packed,packed,,,provable_data,0.361575,0.000000,0.000000,0.000000
nl.upxnrv__upxnrv,breadth_reference,nl,upxnrv,debian_coreutils,True,44431,51453,7.707806,1.049873,0.192496,0.105178,true,true,packed,packed,,,provable_data,0.358002,0.000000,0.000000,0.000000
paste.upxnrv__upxnrv,breadth_reference,paste,upxnrv,debian_coreutils,True,14900,17229,7.722868,1.156329,0.217413,0.123599,true,true,packed,packed,,,provable_data,0.367614,0.000000,0.000000,0.000000
tail.upxnrv__upxnrv,breadth_reference,tail,upxnrv,debian_coreutils,True,27863,32469,7.714447,1.088320,0.207549,0.108989,true,true,packed,packed,,,provable_data,0.359550,0.000000,0.000000,0.000000
tr.upxnrv__upxnrv,breadth_reference,tr,upxnrv,debian_coreutils,True,20131,23453,7.700193,1.162138,0.203851,0.116005,true,true,packed,packed,,,provable_data,0.367506,0.000000,0.000000,0.000000
uniq.upxnrv__upxnrv,breadth_reference,uniq,upxnrv,debian_coreutils,True,17662,20677,7.722428,1.058527,0.214459,0.119167,true,true,packed,packed,,,provable_data,0.370346,0.000000,0.000000,0.000000
wc.upxnrv__upxnrv,breadth_reference,wc,upxnrv,debian_coreutils,True,17892,20845,7.714342,1.075411,0.197332,0.118845,true,true,packed,packed,,,provable_data,0.362763,0.000000,0.000000,0.000000
p01_statemachine,glibc_clean,p01_statemachine,none,glibc_O2_g_nopie,False,538,577,5.735301,0.337831,0.157002,0.355349,true,false,packed,benign,benign,benign,,,,,
p02_insertsort,glibc_clean,p02_insertsort,none,glibc_O2_g_nopie,False,476,513,5.863455,0.387456,0.131384,0.373413,true,false,packed,benign,benign,benign,,,,,
p05_vm,glibc_clean,p05_vm,none,glibc_O2_g_nopie,False,577,641,5.954572,0.511007,0.017808,0.345510,false,false,benign,benign,benign,benign,,,,,
p06_parser,glibc_clean,p06_parser,none,glibc_O2_g_nopie,False,416,449,5.855385,0.354087,0.153669,0.394610,true,false,packed,benign,benign,benign,,,,,
p07_crc,glibc_clean,p07_crc,none,glibc_O2_g_nopie,False,334,369,5.759623,0.354128,0.255183,0.432362,true,false,packed,benign,benign,benign,,,,,
p08_binsearch,glibc_clean,p08_binsearch,none,glibc_O2_g_nopie,False,369,401,5.802524,0.318714,0.249299,0.414711,true,false,packed,benign,benign,benign,,,,,
p09_matmul,glibc_clean,p09_matmul,none,glibc_O2_g_nopie,False,570,609,5.951438,0.676178,0.203580,0.347202,true,false,packed,benign,benign,benign,,,,,
p10_collatz,glibc_clean,p10_collatz,none,glibc_O2_g_nopie,False,355,385,5.806096,1.143966,0.343402,0.421458,true,false,packed,benign,benign,benign,,,,,
p12_modpow,glibc_clean,p12_modpow,none,glibc_O2_g_nopie,False,526,577,5.611486,0.411167,0.240490,0.358594,true,false,packed,benign,benign,benign,,,,,
p01_statemachine.kite,glibc_packed,p01_statemachine,kite,glibc_O2_g_nopie,True,14347,15773,5.974718,0.474183,0.103861,0.124637,false,false,benign,benign,benign,benign,routing_only,0.286800,0.000000,0.286800,0.286800
p02_insertsort.kite,glibc_packed,p02_insertsort,kite,glibc_O2_g_nopie,True,14354,15773,5.974718,0.483158,0.093705,0.124623,false,false,benign,benign,benign,benign,routing_only,0.287596,0.000000,0.287596,0.287596
p05_vm.kite,glibc_packed,p05_vm,kite,glibc_O2_g_nopie,True,14367,15790,5.974718,0.484901,0.103399,0.124598,false,false,benign,benign,benign,benign,routing_only,0.287209,0.000000,0.287209,0.287209
p06_parser.kite,glibc_packed,p06_parser,kite,glibc_O2_g_nopie,True,14356,15773,5.974718,0.477680,0.091645,0.124620,false,false,benign,benign,benign,benign,routing_only,0.287661,0.000000,0.287661,0.287661
p07_crc.kite,glibc_packed,p07_crc,kite,glibc_O2_g_nopie,True,14358,15773,5.974718,0.477238,0.104918,0.124616,false,false,benign,benign,benign,benign,routing_only,0.287007,0.000000,0.287007,0.287007
p08_binsearch.kite,glibc_packed,p08_binsearch,kite,glibc_O2_g_nopie,True,14341,15773,5.974718,0.475558,0.102419,0.124648,false,false,benign,benign,benign,benign,routing_only,0.287240,0.000000,0.287240,0.287240
p09_matmul.kite,glibc_packed,p09_matmul,kite,glibc_O2_g_nopie,True,14354,15773,5.974718,0.473985,0.104543,0.124623,false,false,benign,benign,benign,benign,routing_only,0.286386,0.000000,0.286386,0.286386
p10_collatz.kite,glibc_packed,p10_collatz,kite,glibc_O2_g_nopie,True,14348,15773,5.974718,0.476837,0.101603,0.124635,false,false,benign,benign,benign,benign,routing_only,0.286947,0.000000,0.286947,0.286947
p12_modpow.kite,glibc_packed,p12_modpow,kite,glibc_O2_g_nopie,True,14356,15773,5.974718,0.474110,0.105089,0.124620,false,false,benign,benign,benign,benign,routing_only,0.286688,0.000000,0.286688,0.286688
p01_statemachine.kiten,glibc_packed,p01_statemachine,kiten,glibc_O2_g_nopie,True,7902,8584,5.913357,0.454463,0.166536,0.143888,true,true,packed,benign,packed,benign,routing_only,,,,
p02_insertsort.kiten,glibc_packed,p02_insertsort,kiten,glibc_O2_g_nopie,True,7904,8584,5.913357,0.453070,0.166121,0.143878,true,true,packed,benign,packed,benign,routing_only,,,,
p05_vm.kiten,glibc_packed,p05_vm,kiten,glibc_O2_g_nopie,True,7905,8584,5.913357,0.452751,0.162994,0.143873,true,true,packed,benign,packed,benign,routing_only,,,,
p06_parser.kiten,glibc_packed,p06_parser,kiten,glibc_O2_g_nopie,True,7900,8584,5.913357,0.454017,0.167765,0.143897,true,true,packed,benign,packed,benign,routing_only,,,,
p07_crc.kiten,glibc_packed,p07_crc,kiten,glibc_O2_g_nopie,True,7903,8584,5.913357,0.454419,0.168019,0.143883,true,true,packed,benign,packed,benign,routing_only,,,,
p08_binsearch.kiten,glibc_packed,p08_binsearch,kiten,glibc_O2_g_nopie,True,7901,8584,5.913357,0.453971,0.167782,0.143892,true,true,packed,benign,packed,benign,routing_only,,,,
p09_matmul.kiten,glibc_packed,p09_matmul,kiten,glibc_O2_g_nopie,True,7903,8584,5.913357,0.454560,0.165772,0.143883,true,true,packed,benign,packed,benign,routing_only,,,,
p10_collatz.kiten,glibc_packed,p10_collatz,kiten,glibc_O2_g_nopie,True,7902,8584,5.913357,0.454519,0.172236,0.143888,true,true,packed,benign,packed,benign,routing_only,,,,
p12_modpow.kiten,glibc_packed,p12_modpow,kiten,glibc_O2_g_nopie,True,7905,8584,5.913357,0.454947,0.163488,0.143873,true,true,packed,benign,packed,benign,routing_only,,,,
p01_statemachine.upxlzma,glibc_packed,p01_statemachine,upxlzma,glibc_O2_g_nopie,True,6178,6758,7.812603,0.739054,0.155869,0.153664,true,true,packed,packed,packed,packed,provable_data,0.332524,0.000000,0.000000,0.000000
p02_insertsort.upxlzma,glibc_packed,p02_insertsort,upxlzma,glibc_O2_g_nopie,True,6103,6694,7.815340,0.727838,0.130008,0.154181,true,false,packed,packed,benign,benign,provable_data,0.350493,0.000000,0.000000,0.000000
p05_vm.upxlzma,glibc_packed,p05_vm,upxlzma,glibc_O2_g_nopie,True,6225,6846,7.817834,0.755731,0.141263,0.153345,true,false,packed,packed,benign,benign,provable_data,0.355210,0.000000,0.000000,0.000000
p06_parser.upxlzma,glibc_packed,p06_parser,upxlzma,glibc_O2_g_nopie,True,6045,6630,7.821663,0.716479,0.147276,0.154588,true,false,packed,packed,benign,benign,provable_data,0.345458,0.000000,0.000000,0.000000
p07_crc.upxlzma,glibc_packed,p07_crc,upxlzma,glibc_O2_g_nopie,True,5939,6526,7.810162,0.803821,0.142939,0.155346,true,false,packed,packed,benign,benign,provable_data,0.355203,0.000000,0.000000,0.000000
p08_binsearch.upxlzma,glibc_packed,p08_binsearch,upxlzma,glibc_O2_g_nopie,True,5980,6582,7.812684,0.708619,0.157163,0.155050,true,true,packed,packed,packed,packed,provable_data,0.351652,0.000000,0.000000,0.000000
p09_matmul.upxlzma,glibc_packed,p09_matmul,upxlzma,glibc_O2_g_nopie,True,6189,6790,7.818104,0.783146,0.141125,0.153589,true,false,packed,packed,benign,benign,provable_data,0.323673,0.000000,0.000000,0.000000
p10_collatz.upxlzma,glibc_packed,p10_collatz,upxlzma,glibc_O2_g_nopie,True,5954,6542,7.809420,0.793369,0.166694,0.155238,true,true,packed,packed,packed,packed,provable_data,0.364101,0.000000,0.000000,0.000000
p12_modpow.upxlzma,glibc_packed,p12_modpow,upxlzma,glibc_O2_g_nopie,True,6169,6774,7.811237,0.725227,0.155371,0.153726,true,true,packed,packed,packed,packed,provable_data,0.324518,0.000000,0.000000,0.000000
p01_statemachine.upxnrv,glibc_packed,p01_statemachine,upxnrv,glibc_O2_g_nopie,True,4030,4557,7.592249,1.051875,0.231479,0.173771,true,true,packed,packed,packed,packed,provable_data,0.329581,0.000000,0.000000,0.000000
p02_insertsort.upxnrv,glibc_packed,p02_insertsort,upxnrv,glibc_O2_g_nopie,True,3954,4493,7.612449,1.268586,0.234392,0.174771,true,true,packed,packed,packed,packed,provable_data,0.348800,0.000000,0.000000,0.000000
p05_vm.upxnrv,glibc_packed,p05_vm,upxnrv,glibc_O2_g_nopie,True,4088,4645,7.655218,1.123240,0.241924,0.173027,true,true,packed,packed,packed,packed,provable_data,0.338112,0.000000,0.000000,0.000000
p06_parser.upxnrv,glibc_packed,p06_parser,upxnrv,glibc_O2_g_nopie,True,3879,4421,7.632292,1.124232,0.243369,0.175787,true,true,packed,packed,packed,packed,provable_data,0.352959,0.000000,0.000000,0.000000
p07_crc.upxnrv,glibc_packed,p07_crc,upxnrv,glibc_O2_g_nopie,True,3789,4317,7.630610,1.137671,0.253793,0.177045,true,true,packed,packed,packed,packed,provable_data,0.387452,0.000000,0.000000,0.000000
p08_binsearch.upxnrv,glibc_packed,p08_binsearch,upxnrv,glibc_O2_g_nopie,True,3854,4381,7.641204,1.132183,0.257950,0.176132,true,true,packed,packed,packed,packed,provable_data,0.340815,0.000000,0.000000,0.000000
p09_matmul.upxnrv,glibc_packed,p09_matmul,upxnrv,glibc_O2_g_nopie,True,4053,4589,7.592059,1.200065,0.270649,0.173474,true,true,packed,packed,packed,packed,provable_data,0.332383,0.000000,0.000000,0.000000
p10_collatz.upxnrv,glibc_packed,p10_collatz,upxnrv,glibc_O2_g_nopie,True,3809,4333,7.641387,1.241617,0.266497,0.176761,true,true,packed,packed,packed,packed,provable_data,0.347403,0.000000,0.000000,0.000000
p12_modpow.upxnrv,glibc_packed,p12_modpow,upxnrv,glibc_O2_g_nopie,True,4027,4573,7.588147,1.085394,0.218435,0.173810,true,true,packed,packed,packed,packed,provable_data,0.337791,0.000000,0.000000,0.000000
k01,ladder_clean,k01,none,freestanding_O2_g_nopie,False,288,316,5.120628,1.072310,-0.029754,0.460288,false,false,benign,benign,benign,benign,,,,,
k02,ladder_clean,k02,none,freestanding_O2_g_nopie,False,487,533,5.573934,0.784283,-0.068289,0.369958,false,false,benign,benign,benign,benign,,,,,
k03,ladder_clean,k03,none,freestanding_O2_g_nopie,False,823,914,5.763258,0.713879,-0.065110,0.300563,false,false,benign,benign,benign,benign,,,,,
k04,ladder_clean,k04,none,freestanding_O2_g_nopie,False,978,1080,5.804694,0.634081,-0.057300,0.281442,false,false,benign,benign,benign,benign,,,,,
k06,ladder_clean,k06,none,freestanding_O2_g_nopie,False,1158,1280,5.834604,0.571132,-0.068225,0.264252,false,false,benign,benign,benign,benign,,,,,
k08,ladder_clean,k08,none,freestanding_O2_g_nopie,False,1579,1728,5.975894,1.374980,0.025089,0.236242,false,false,benign,benign,benign,benign,,,,,
k10,ladder_clean,k10,none,freestanding_O2_g_nopie,False,2784,3082,5.975894,1.340010,0.051389,0.195008,false,false,benign,benign,benign,benign,,,,,
k12,ladder_clean,k12,none,freestanding_O2_g_nopie,False,3228,3564,5.991499,1.224233,0.069781,0.186038,false,false,benign,benign,benign,benign,,,,,
k01.kite,ladder_packed,k01,kite,freestanding_O2_g_nopie,True,14298,15707,5.974718,0.474519,0.105056,0.124732,false,false,benign,benign,benign,benign,routing_only,,,,
k02.kite,ladder_packed,k02,kite,freestanding_O2_g_nopie,True,14358,15773,5.974718,0.476412,0.106127,0.124616,true,false,packed,benign,benign,benign,routing_only,,,,
k03.kite,ladder_packed,k03,kite,freestanding_O2_g_nopie,True,14416,15856,5.974718,0.486450,0.103932,0.124504,false,false,benign,benign,benign,benign,routing_only,,,,
k04.kite,ladder_packed,k04,kite,freestanding_O2_g_nopie,True,14481,15922,5.974718,0.502004,0.118125,0.124380,true,false,packed,benign,benign,benign,routing_only,,,,
k06.kite,ladder_packed,k06,kite,freestanding_O2_g_nopie,True,14607,16054,5.974718,0.483876,0.107613,0.124142,true,false,packed,benign,benign,benign,routing_only,,,,
k08.kite,ladder_packed,k08,kite,freestanding_O2_g_nopie,True,14710,16186,5.974718,0.482308,0.097174,0.123949,false,false,benign,benign,benign,benign,routing_only,,,,
k10.kite,ladder_packed,k10,kite,freestanding_O2_g_nopie,True,14897,16401,7.313944,0.498909,0.115488,0.123604,true,false,packed,packed,benign,benign,routing_only,,,,
k12.kite,ladder_packed,k12,kite,freestanding_O2_g_nopie,True,15218,16797,7.279581,0.517967,0.111519,0.123028,true,false,packed,packed,benign,benign,provable_data,,,,
k01.upxlzma,ladder_packed,k01,upxlzma,freestanding_O2_g_nopie,True,5494,6022,7.809581,0.794865,0.136039,0.158766,true,false,packed,packed,benign,benign,provable_data,,,,
k02.upxlzma,ladder_packed,k02,upxlzma,freestanding_O2_g_nopie,True,5724,6270,7.816450,0.792691,0.102850,0.156949,false,false,benign,benign,benign,benign,provable_data,,,,
k03.upxlzma,ladder_packed,k03,upxlzma,freestanding_O2_g_nopie,True,6117,6710,7.813757,0.750000,0.116910,0.154084,true,false,packed,packed,benign,benign,provable_data,,,,
k04.upxlzma,ladder_packed,k04,upxlzma,freestanding_O2_g_nopie,True,6302,6910,7.818022,0.735514,0.116839,0.152829,true,false,packed,packed,benign,benign,provable_data,,,,
k06.upxlzma,ladder_packed,k06,upxlzma,freestanding_O2_g_nopie,True,6514,7150,7.817910,0.709386,0.120754,0.151458,true,false,packed,packed,benign,benign,provable_data,,,,
k08.upxlzma,ladder_packed,k08,upxlzma,freestanding_O2_g_nopie,True,6961,7630,7.814648,0.912807,0.118371,0.148774,true,false,packed,packed,benign,benign,provable_data,,,,
k10.upxlzma,ladder_packed,k10,upxlzma,freestanding_O2_g_nopie,True,8271,9094,7.809581,0.957141,0.108748,0.142203,true,false,packed,packed,benign,benign,provable_data,,,,
k12.upxlzma,ladder_packed,k12,upxlzma,freestanding_O2_g_nopie,True,8775,9654,7.812684,0.993905,0.121497,0.140077,true,false,packed,packed,benign,benign,provable_data,,,,
k01.upxnrv,ladder_packed,k01,upxnrv,freestanding_O2_g_nopie,True,3299,3717,7.646486,1.245256,0.237699,0.184774,true,true,packed,packed,packed,packed,provable_data,,,,
k02.upxnrv,ladder_packed,k02,upxnrv,freestanding_O2_g_nopie,True,3538,3981,7.612449,1.159745,0.223109,0.180804,true,true,packed,packed,packed,packed,provable_data,,,,
k03.upxnrv,ladder_packed,k03,upxnrv,freestanding_O2_g_nopie,True,3921,4421,7.632292,1.108522,0.203489,0.175214,true,true,packed,packed,packed,packed,provable_data,,,,
k04.upxnrv,ladder_packed,k04,upxnrv,freestanding_O2_g_nopie,True,4103,4629,7.654317,1.077471,0.201881,0.172837,true,true,packed,packed,packed,packed,provable_data,,,,
k06.upxnrv,ladder_packed,k06,upxnrv,freestanding_O2_g_nopie,True,4332,4877,7.645038,1.043853,0.200635,0.170062,true,true,packed,packed,packed,packed,provable_data,,,,
k08.upxnrv,ladder_packed,k08,upxnrv,freestanding_O2_g_nopie,True,4768,5357,7.641387,1.279594,0.189711,0.165341,true,true,packed,packed,packed,packed,provable_data,,,,
k10.upxnrv,ladder_packed,k10,upxnrv,freestanding_O2_g_nopie,True,6072,6829,7.642775,1.287685,0.183143,0.154398,true,true,packed,packed,packed,packed,provable_data,,,,
k12.upxnrv,ladder_packed,k12,upxnrv,freestanding_O2_g_nopie,True,6597,7405,7.641387,1.230207,0.183569,0.150939,true,true,packed,packed,packed,packed,provable_data,,,,
u01.kite,minu_packed,u01,kite,freestanding_O2_g_nopie_minlayout,True,14297,15707,5.974718,0.473624,0.102943,0.124734,false,false,benign,benign,benign,benign,routing_only,,,,
u02.kite,minu_packed,u02,kite,freestanding_O2_g_nopie_minlayout,True,14358,15773,5.974718,0.479323,0.103951,0.124616,false,false,benign,benign,benign,benign,routing_only,,,,
u03.kite,minu_packed,u03,kite,freestanding_O2_g_nopie_minlayout,True,14414,15856,5.974718,0.484592,0.100856,0.124508,false,false,benign,benign,benign,benign,routing_only,,,,
u04.kite,minu_packed,u04,kite,freestanding_O2_g_nopie_minlayout,True,14484,15922,5.974718,0.491372,0.104102,0.124374,false,false,benign,benign,benign,benign,routing_only,,,,
u06.kite,minu_packed,u06,kite,freestanding_O2_g_nopie_minlayout,True,14604,16054,5.974718,0.509931,0.102885,0.124147,false,false,benign,benign,benign,benign,routing_only,,,,
u08.kite,minu_packed,u08,kite,freestanding_O2_g_nopie_minlayout,True,14722,16186,5.974718,0.498310,0.103947,0.123927,false,false,benign,benign,benign,benign,routing_only,,,,
u10.kite,minu_packed,u10,kite,freestanding_O2_g_nopie_minlayout,True,14890,16401,7.281479,0.516298,0.107416,0.123617,true,false,packed,packed,benign,benign,routing_only,,,,
u12.kite,minu_packed,u12,kite,freestanding_O2_g_nopie_minlayout,True,15207,16797,7.295571,0.534483,0.111165,0.123047,true,false,packed,packed,benign,benign,provable_data,,,,
u06.upxlzma,minu_packed,u06,upxlzma,freestanding_O2_g_nopie_minlayout,True,6732,7358,7.817834,0.668976,0.142834,0.150115,true,false,packed,packed,benign,benign,provable_data,,,,
u08.upxlzma,minu_packed,u08,upxlzma,freestanding_O2_g_nopie_minlayout,True,7240,7894,7.825087,0.866004,0.115765,0.147226,true,false,packed,packed,benign,benign,provable_data,,,,
u10.upxlzma,minu_packed,u10,upxlzma,freestanding_O2_g_nopie_minlayout,True,8615,9470,7.818022,0.930329,0.147052,0.140731,true,true,packed,packed,packed,packed,provable_data,,,,
u12.upxlzma,minu_packed,u12,upxlzma,freestanding_O2_g_nopie_minlayout,True,9217,10126,7.809420,0.886101,0.143356,0.138357,true,true,packed,packed,packed,packed,provable_data,,,,
u03.upxnrv,minu_packed,u03,upxnrv,freestanding_O2_g_nopie_minlayout,True,4008,4469,7.621890,1.048690,0.206324,0.174058,true,true,packed,packed,packed,packed,provable_data,,,,
u04.upxnrv,minu_packed,u04,upxnrv,freestanding_O2_g_nopie_minlayout,True,4207,4685,7.653065,1.107436,0.228723,0.171549,true,true,packed,packed,packed,packed,provable_data,,,,
u06.upxnrv,minu_packed,u06,upxnrv,freestanding_O2_g_nopie_minlayout,True,4523,5029,7.600273,0.966119,0.218959,0.167910,true,true,packed,packed,packed,packed,provable_data,,,,
u08.upxnrv,minu_packed,u08,upxnrv,freestanding_O2_g_nopie_minlayout,True,5037,5565,7.584950,1.205281,0.199606,0.162739,true,true,packed,packed,packed,packed,provable_data,,,,
u10.upxnrv,minu_packed,u10,upxnrv,freestanding_O2_g_nopie_minlayout,True,6409,7141,7.591274,1.221495,0.207537,0.152128,true,true,packed,packed,packed,packed,provable_data,,,,
u12.upxnrv,minu_packed,u12,upxnrv,freestanding_O2_g_nopie_minlayout,True,7017,7805,7.644551,1.188184,0.174525,0.148456,true,true,packed,packed,packed,packed,provable_data,,,,
