name,role,n,base_rate,code_bytes,region_entropy,ece_calibrated,ece_raw,s_glob_surprise,s_glob_nis,s_spat_moran,s_spat_clustered,mean_nis,frac_super,b_mean_pi,b_pred_entropy,b_msp,b_mean_abs_llr,level
gcc_coreutils_64_O1_df,clean_fit,62880,0.271088,68860,6.1589,0.002744,0.007709,0.533885,393.648863,0.031961,0.051536,393.648863,0.016046,0.265801,0.011320,0.995668,722.820023,
icc_coreutils_64_O0_truncate,clean_fit,31785,0.293000,35424,5.6731,0.002401,0.010987,0.873143,416.666122,0.064140,0.064286,416.666122,0.004405,0.287203,0.013542,0.994802,412.409389,
gcc_coreutils_64_O1_sha384sum,clean_fit,33619,0.281954,36204,6.3329,0.001493,0.008218,0.575200,425.368039,0.040413,0.123932,425.368039,0.020881,0.277473,0.010835,0.995997,911.697885,
icc_coreutils_64_O2_test,clean_fit,14447,0.281027,16060,6.2515,0.002048,0.018634,0.669616,493.368212,0.076852,0.090426,493.368212,0.026026,0.270761,0.026955,0.990280,221.277460,
icc_coreutils_64_O2_env,clean_fit,14720,0.278533,16188,6.2378,0.004737,0.020212,0.664435,472.829328,0.084621,0.118132,472.829328,0.024728,0.268648,0.028275,0.989778,168.995833,
gcc_coreutils_64_O3_md5sum,clean_fit,29368,0.268830,32012,6.3342,0.002355,0.014505,0.612406,434.220057,0.061895,0.047319,434.220057,0.021588,0.260497,0.020794,0.992665,240.992874,
icc_coreutils_64_O3_chgrp,clean_fit,44159,0.269956,48492,6.2228,0.002041,0.015269,0.688454,487.389238,0.105178,0.061711,487.389238,0.016146,0.259978,0.025467,0.990981,520.739866,
icc_coreutils_64_O1_sort,clean_fit,57074,0.275677,61548,6.2659,0.001630,0.007612,0.599516,445.065041,0.039082,0.055556,445.065041,0.020815,0.270679,0.012312,0.995240,2019.234032,
icc_coreutils_64_O0_pathchk,clean_fit,19330,0.297517,21376,5.7327,0.004438,0.014780,1.163727,514.259289,0.063796,0.000000,514.259289,0.001914,0.292729,0.012998,0.995009,301.970563,
icc_coreutils_64_O0_setuidgid,clean_fit,21193,0.298164,23420,5.7269,0.003104,0.015183,0.892257,481.672700,0.061036,0.134259,481.672700,0.010192,0.291198,0.017106,0.993432,365.015238,
gcc_coreutils_64_O3_nproc,clean_fit,24253,0.266441,26412,6.2403,0.003316,0.017391,0.570413,402.659598,0.064198,0.065646,402.659598,0.018843,0.256276,0.028883,0.989621,129.609435,
icc_coreutils_64_O2_echo,clean_fit,11377,0.279160,12556,6.2161,0.005019,0.026808,0.591848,404.177420,0.108310,0.105263,404.177420,0.023381,0.264358,0.036543,0.986736,91.666086,
icc_coreutils_64_O3_ls,clean_fit,81851,0.268732,90188,6.3491,0.002979,0.016156,0.587440,373.247031,0.096751,0.134777,373.247031,0.010153,0.258721,0.029590,0.989279,992.470807,
icc_coreutils_64_O0_join,clean_fit,28667,0.295078,31564,5.7389,0.002199,0.010995,1.005881,448.992892,0.067936,0.000000,448.992892,0.001640,0.289435,0.012910,0.995024,526.355105,
icc_coreutils_64_O1_paste,clean_fit,15668,0.274636,16956,6.1531,0.002000,0.013778,0.612995,429.826352,0.069182,0.087766,429.826352,0.023998,0.268018,0.020005,0.992472,292.477644,
icc_coreutils_64_O0_mknod,clean_fit,21704,0.299438,23920,5.7581,0.002489,0.013724,0.813947,452.020975,0.059456,0.113043,452.020975,0.010597,0.292638,0.016701,0.993612,383.059163,
icc_coreutils_64_O0_logname,clean_fit,17869,0.297387,19804,5.7277,0.003134,0.015501,0.877168,445.153786,0.064681,0.000000,445.153786,0.003470,0.289582,0.018505,0.993032,232.081565,
icc_coreutils_64_O2_getlimits,clean_fit,29374,0.263703,32316,6.0894,0.001751,0.013424,0.668835,475.407646,0.085178,0.107226,475.407646,0.014605,0.254866,0.021312,0.992330,469.825750,
icc_coreutils_64_O0_pwd,clean_fit,21195,0.298278,23592,5.7187,0.003526,0.014435,0.933439,479.095859,0.061015,0.121739,479.095859,0.005426,0.292166,0.014121,0.994707,314.228879,
gcc_coreutils_64_O2_mktemp,clean_fit,20162,0.281867,22156,6.2620,0.003073,0.018891,0.679832,500.159837,0.078947,0.074627,500.159837,0.026585,0.271282,0.025454,0.990900,228.395597,
gcc_coreutils_64_O2_dirname,clean_holdout,14582,0.278905,15980,6.2296,0.004816,0.021815,0.671965,472.382139,0.088253,0.085399,472.382139,0.024894,0.267937,0.030754,0.988760,110.573190,
gcc_coreutils_64_O2_vdir,clean_holdout,61575,0.274803,67900,6.3131,0.004354,0.018468,0.592722,404.260487,0.098739,0.089816,404.260487,0.020252,0.262532,0.034406,0.987512,776.305105,
icc_coreutils_64_O3_unexpand,clean_holdout,24698,0.263584,26828,6.2133,0.003121,0.014720,0.600878,405.433442,0.066117,0.057026,405.433442,0.019880,0.255148,0.025152,0.991180,171.309332,
icc_coreutils_64_O0_pr,clean_holdout,41888,0.290656,46656,5.9018,0.001382,0.012436,1.112455,440.096954,0.060266,0.078947,440.096954,0.001814,0.285861,0.016852,0.993407,381.172042,
icc_coreutils_64_O3_numfmt,clean_holdout,48776,0.266217,53932,6.2965,0.003613,0.013942,0.579920,354.945017,0.064592,0.118421,354.945017,0.007791,0.258697,0.024852,0.990959,461.653376,
icc_coreutils_64_O0_sha224sum,clean_holdout,37285,0.321953,41084,5.8144,0.001672,0.008106,1.051014,395.846467,0.040832,0.000000,395.846467,0.001261,0.317836,0.009647,0.996408,880.049417,
gcc_coreutils_64_O1_tee,clean_holdout,14873,0.277886,16140,6.1226,0.002034,0.017248,0.595258,428.071320,0.064298,0.105590,428.071320,0.021650,0.269064,0.022481,0.991703,204.336964,
gcc_coreutils_64_O2_sort,clean_holdout,61001,0.275700,66684,6.3377,0.001431,0.013797,0.658022,453.689048,0.065909,0.059311,453.689048,0.025704,0.267165,0.021303,0.992294,1691.876382,
icc_coreutils_64_O0_stat,clean_holdout,61134,0.285962,69752,5.7698,0.002425,0.013727,0.810299,396.741628,0.085764,0.082621,396.741628,0.011483,0.279980,0.017588,0.993091,457.909890,
icc_coreutils_64_O2_unlink,clean_holdout,14590,0.276971,15964,6.2138,0.003582,0.021289,0.689159,469.580066,0.094479,0.012987,469.580066,0.015833,0.265941,0.030215,0.989061,117.714810,
gcc_coreutils_64_O2_runcon,clean_holdout,15837,0.279409,17468,6.2164,0.003399,0.020547,0.666872,496.933391,0.078084,0.080402,496.933391,0.025131,0.268777,0.028372,0.989767,191.382299,
icc_coreutils_64_O2_chroot,clean_holdout,17356,0.280767,19116,6.2288,0.001848,0.022013,0.688354,487.467825,0.077683,0.068736,487.467825,0.025985,0.267994,0.030392,0.988769,188.319812,
icc_coreutils_64_O1_sha384sum,clean_holdout,33619,0.281954,36204,6.3329,0.001493,0.008218,0.575200,425.368039,0.040413,0.123932,425.368039,0.020881,0.277473,0.010835,0.995997,911.697885,
icc_coreutils_64_O1_shred,clean_holdout,26752,0.273512,28860,6.1435,0.001941,0.010331,0.608171,438.982354,0.034506,0.046358,438.982354,0.011289,0.267244,0.014911,0.994422,579.223108,
icc_coreutils_64_O3_touch,clean_holdout,42929,0.261408,47004,6.2305,0.002983,0.015505,0.664198,450.177867,0.103811,0.090190,450.177867,0.014722,0.252023,0.026431,0.990766,529.457518,
gcc_coreutils_64_O2_rm,clean_holdout,33482,0.279643,36860,6.2098,0.002238,0.016130,0.688903,492.718418,0.093544,0.057447,492.718418,0.028075,0.268986,0.025416,0.991035,546.626904,
gcc_coreutils_64_O3_factor,clean_holdout,65718,0.266578,72220,6.2516,0.002164,0.010217,0.733732,450.506817,0.079461,0.103878,450.506817,0.010986,0.260492,0.017080,0.993980,1316.432185,
icc_coreutils_64_O2_pinky,clean_holdout,18056,0.280295,19852,6.2726,0.004994,0.020509,0.730509,536.957134,0.080912,0.095865,536.957134,0.029464,0.269982,0.027489,0.989839,185.953046,
gcc_coreutils_64_O1_hostid,clean_holdout,13721,0.273814,14796,6.1174,0.002971,0.017349,0.594778,405.705626,0.067570,0.055556,405.705626,0.020990,0.264966,0.025310,0.990684,197.426469,
gcc_coreutils_64_O1_dircolors,clean_holdout,16599,0.273872,17932,6.1283,0.003127,0.016004,0.703878,505.084120,0.082273,0.081319,505.084120,0.027411,0.267128,0.020505,0.992242,334.941291,
icc_coreutils_64_O0_tr,clean_holdout,29638,0.296680,32540,5.7388,0.002119,0.011430,0.872724,437.581045,0.066956,0.086253,437.581045,0.012518,0.291189,0.013378,0.994866,291.973399,
icc_coreutils_64_O3_vdir,clean_holdout,81851,0.268732,90188,6.3491,0.002979,0.016156,0.587440,373.247031,0.096751,0.134777,373.247031,0.010153,0.258721,0.029590,0.989279,992.470807,
icc_coreutils_64_O0_users,clean_holdout,18951,0.298507,20988,5.7208,0.003680,0.014190,0.830564,477.983909,0.065363,0.111437,477.983909,0.017994,0.292566,0.015365,0.994218,239.423824,
gcc_coreutils_64_O0_uname,clean_holdout,18430,0.297667,20380,5.7442,0.004366,0.015020,0.795376,486.539228,0.053600,0.105882,486.539228,0.013836,0.291729,0.015059,0.994321,223.140600,
gcc_coreutils_64_O0_dircolors,clean_holdout,21566,0.295048,23788,5.7355,0.002963,0.013446,1.085555,445.198965,0.071549,0.088235,445.198965,0.001577,0.288689,0.014591,0.994500,281.227401,
desync_coreutils_64_O0_tsort,desync,47788,0.291517,52114,6.0802,0.052507,0.056349,25.737902,779.415198,0.177537,0.220333,779.415198,0.062777,0.333070,0.009706,0.996146,945.444909,pilot
desync_coreutils_64_O0_comm,desync,54560,0.290029,59762,6.0923,0.054702,0.058483,26.288676,804.383429,0.177502,0.237525,804.383429,0.064278,0.333669,0.008299,0.996731,2236.490688,pilot
desync_coreutils_64_O0_unlink,desync,37373,0.293153,40770,6.0974,0.051151,0.056596,22.166440,754.676266,0.171538,0.211940,754.676266,0.053782,0.328431,0.013616,0.994564,656.838426,pilot
desync_coreutils_64_O0_timeout,desync,49724,0.292635,54418,6.1113,0.051853,0.056629,23.924720,777.340485,0.178307,0.240096,777.340485,0.058382,0.331599,0.010312,0.995893,920.118447,pilot
desync_coreutils_64_O0_ptx,desync,75059,0.287147,81618,6.0949,0.052876,0.056850,25.130441,759.662208,0.179325,0.222894,759.662208,0.061685,0.328213,0.009903,0.996018,1776.337967,pilot
desync_coreutils_64_O0_link,desync,37890,0.292425,41314,6.0917,0.050926,0.056426,22.542253,770.839175,0.169747,0.203570,770.839175,0.054711,0.327670,0.012077,0.995222,677.032716,pilot
desync_coreutils_64_O0_cut,desync,55767,0.290512,61058,6.0876,0.051658,0.056770,25.135987,771.265906,0.171390,0.213953,771.265906,0.061685,0.331469,0.010154,0.996017,1292.232294,pilot
desync_coreutils_64_O0_base32,desync,54652,0.294372,59442,6.0982,0.053337,0.058077,26.952149,802.659477,0.181787,0.222967,802.659477,0.065487,0.335796,0.011258,0.995463,1104.728768,pilot
desync_coreutils_64_O0_mv,desync,205035,0.287370,225970,6.1031,0.051295,0.053632,27.269467,783.953071,0.184706,0.233168,783.953071,0.067730,0.332823,0.005375,0.997866,5534.578738,pilot
desync_coreutils_64_O0_mknod,desync,50219,0.293017,54946,6.0908,0.053614,0.059350,25.746934,768.705827,0.194828,0.239291,768.705827,0.061829,0.334208,0.012063,0.995251,1175.504049,pilot
desync_coreutils_64_O0_dircolors,desync,50384,0.291739,54882,6.0832,0.052634,0.057298,24.456337,769.758352,0.170296,0.200133,769.758352,0.059801,0.331450,0.009339,0.996366,1021.569344,pilot
desync_coreutils_64_O0_logname,desync,37038,0.293077,40418,6.1009,0.051403,0.057590,21.961265,753.869070,0.159419,0.193648,753.869070,0.052703,0.326388,0.014145,0.994439,589.053940,pilot
desync_coreutils_64_O0_runcon,desync,39491,0.292928,43106,6.0842,0.052271,0.059932,21.956092,756.564728,0.163940,0.183654,756.564728,0.052670,0.328106,0.014936,0.994188,629.526858,pilot
desync_coreutils_64_O0_factor,desync,176711,0.291063,194018,6.0285,0.050529,0.053242,25.781015,748.693273,0.180687,0.194008,748.693273,0.064405,0.333370,0.005951,0.997603,2838.843257,pilot
desync_coreutils_64_O0_od,desync,184624,0.276253,203442,6.1068,0.050501,0.054240,21.196562,735.483621,0.179429,0.228889,735.483621,0.052084,0.313291,0.011043,0.995540,3638.798033,pilot
desync_coreutils_64_O0_env,desync,55432,0.290266,60866,6.0875,0.051202,0.055069,24.678791,775.025339,0.169004,0.218299,775.025339,0.061318,0.330530,0.009077,0.996411,1281.949217,pilot
desync_coreutils_64_O0_ln,desync,97707,0.290399,107522,6.0833,0.052432,0.055882,26.923179,786.353262,0.183808,0.222963,786.353262,0.066055,0.334641,0.007446,0.997015,1577.069630,pilot
desync_coreutils_64_O0_nl,desync,50635,0.290629,55170,6.0968,0.054720,0.060020,23.638695,778.861340,0.167948,0.230082,778.861340,0.057510,0.330398,0.012390,0.995124,1209.805171,pilot
desync_coreutils_64_O0_vdir,desync,209495,0.288250,229506,6.1209,0.049903,0.053955,23.526381,740.079163,0.177014,0.210232,740.079163,0.058035,0.327111,0.010289,0.995906,2707.987793,pilot
desync_coreutils_64_O0_pr,desync,107648,0.288579,117730,6.1603,0.050544,0.055094,23.701647,754.227455,0.183605,0.216900,754.227455,0.058375,0.327809,0.011614,0.995297,1492.536331,pilot
desync_coreutils_64_O0_tsort,desync,64977,0.289672,71106,6.1481,0.069208,0.071738,31.341388,847.527148,0.181253,0.223619,847.527148,0.074673,0.345941,0.007200,0.997063,1173.607995,d1_med
desync_coreutils_64_O0_comm,desync,74545,0.289449,81762,6.1648,0.069744,0.071655,32.485385,878.194054,0.183597,0.219013,878.194054,0.076625,0.348059,0.005956,0.997557,2599.985146,d1_med
desync_coreutils_64_O0_unlink,desync,51369,0.292024,56258,6.1530,0.065320,0.068307,31.939018,853.768449,0.194653,0.216696,853.768449,0.076719,0.347772,0.006868,0.997164,1343.414105,d1_med
desync_coreutils_64_O0_timeout,desync,68006,0.290974,74562,6.1653,0.065792,0.068047,31.892064,854.013196,0.182919,0.227396,854.013196,0.076111,0.347237,0.005833,0.997576,1682.824634,d1_med
desync_coreutils_64_O0_ptx,desync,101564,0.286735,110946,6.1600,0.068533,0.070937,32.743377,855.787559,0.186669,0.212476,855.787559,0.077340,0.345261,0.006283,0.997507,2304.603378,d1_med
desync_coreutils_64_O0_link,desync,52053,0.292125,57026,6.1567,0.066311,0.069822,29.038943,832.058709,0.174897,0.211538,832.058709,0.068930,0.343516,0.008289,0.996639,1132.699459,d1_med
desync_coreutils_64_O0_cut,desync,76190,0.289027,83586,6.1447,0.065530,0.067801,31.138248,844.835765,0.186367,0.214400,844.835765,0.073645,0.344262,0.006720,0.997237,1442.836930,d1_med
desync_coreutils_64_O0_base32,desync,74931,0.293310,81810,6.1609,0.068326,0.070434,32.724595,861.081378,0.191829,0.225745,861.081378,0.077445,0.351469,0.006583,0.997273,1953.758535,d1_med
desync_coreutils_64_O0_mknod,desync,68149,0.293020,74946,6.1600,0.067089,0.070850,32.546696,857.973944,0.200500,0.224862,857.973944,0.077198,0.349921,0.008288,0.996660,1786.038863,d1_med
desync_coreutils_64_O0_dircolors,desync,68822,0.290518,75298,6.1501,0.068312,0.070392,33.479353,867.840753,0.184745,0.197117,867.840753,0.077621,0.349329,0.005553,0.997731,1818.550544,d1_med
desync_coreutils_64_O0_logname,desync,50633,0.292240,55506,6.1542,0.065814,0.069550,28.924116,824.920098,0.181606,0.220315,824.920098,0.069026,0.344444,0.009020,0.996297,981.685766,d1_med
desync_coreutils_64_O0_runcon,desync,54456,0.292511,59650,6.1489,0.067443,0.070986,27.475238,826.707929,0.166264,0.207843,826.707929,0.065558,0.343315,0.010153,0.995862,1133.551105,d1_med
desync_coreutils_64_O0_make-prime-list,desync,6494,0.295504,7128,6.1009,0.060134,0.063261,31.312056,850.988183,0.194377,0.234694,850.988183,0.075454,0.344844,0.007534,0.997059,300.355505,d1_med
desync_coreutils_64_O0_env,desync,76197,0.290353,83650,6.1570,0.068218,0.070609,32.597818,847.991722,0.188725,0.219086,847.991722,0.078113,0.349596,0.005829,0.997627,2487.419303,d1_med
desync_coreutils_64_O0_ln,desync,131592,0.289243,145266,6.1604,0.068559,0.070101,33.095440,870.496783,0.185873,0.215102,870.496783,0.079101,0.349383,0.004698,0.998099,4225.417562,d1_med
desync_coreutils_64_O0_nl,desync,69168,0.290221,75714,6.1612,0.068706,0.071567,32.189135,863.689024,0.187996,0.224265,863.689024,0.076264,0.347333,0.006764,0.997301,2168.361294,d1_med
desync_coreutils_64_O0_nproc,desync,56992,0.292602,62370,6.1547,0.067750,0.071362,31.657690,851.523500,0.190140,0.215472,851.523500,0.073940,0.347858,0.008335,0.996634,1999.637416,d1_med
desync_coreutils_64_O0_sum,desync,95009,0.289573,104738,6.1383,0.066283,0.068906,31.168465,849.226228,0.180234,0.212884,849.226228,0.075645,0.345176,0.007203,0.997081,2475.248106,d1_med
desync_coreutils_64_O0_sync,desync,55341,0.292134,60610,6.1570,0.069019,0.071533,33.287397,865.686343,0.196042,0.224471,865.686343,0.076797,0.350766,0.006253,0.997465,1644.510604,d1_med
desync_coreutils_64_O0_join,desync,95864,0.290839,105074,6.1537,0.069192,0.071717,33.241287,867.353706,0.186125,0.215436,867.353706,0.078392,0.350342,0.006358,0.997438,3199.029774,d1_med
desync_coreutils_64_O0_unlink,desync,119774,0.278157,130242,6.2698,0.100036,0.100119,44.523903,990.282408,0.209623,0.116736,990.282408,0.042054,0.371515,0.003094,0.998722,4892.061053,d2_heavy
desync_coreutils_64_O0_link,desync,121423,0.276669,132018,6.2756,0.099839,0.099808,44.476846,992.290891,0.211029,0.110938,992.290891,0.042241,0.371099,0.002722,0.998833,4096.438294,d2_heavy
desync_coreutils_64_O0_logname,desync,118573,0.277888,128978,6.2745,0.100649,0.101195,43.923278,986.062881,0.208761,0.105452,986.062881,0.042227,0.370349,0.003818,0.998444,4132.879051,d2_heavy
desync_coreutils_64_O0_runcon,desync,127801,0.278480,138994,6.2756,0.101280,0.101154,44.900905,996.262847,0.210707,0.112138,996.262847,0.043192,0.371821,0.003660,0.998427,4763.749323,d2_heavy
desync_coreutils_64_O0_make-prime-list,desync,14593,0.277393,15816,6.2327,0.105241,0.105452,17.277686,1087.248712,0.226995,0.113043,1087.248712,0.055163,0.380951,0.003173,0.998772,1375.485321,d2_heavy
desync_coreutils_64_O0_nproc,desync,132209,0.278816,143730,6.2774,0.101622,0.101883,45.523798,1004.118462,0.215742,0.116583,1004.118462,0.043923,0.373493,0.003071,0.998674,5919.712910,d2_heavy
desync_coreutils_64_O0_sync,desync,129751,0.277562,141138,6.2794,0.099745,0.099795,43.571925,988.349906,0.213171,0.104333,988.349906,0.041441,0.369988,0.003699,0.998426,4516.717764,d2_heavy
desync_coreutils_64_O0_nice,desync,132610,0.277837,144290,6.2770,0.099408,0.099440,45.064815,998.792940,0.216737,0.103683,998.792940,0.043202,0.372103,0.003007,0.998705,5479.601221,d2_heavy
desync_coreutils_64_O0_nohup,desync,142387,0.276823,155122,6.2665,0.102355,0.102183,47.133355,1024.862077,0.217499,0.117328,1024.862077,0.045313,0.374119,0.002395,0.998979,5414.416162,d2_heavy
desync_coreutils_64_O0_uname,desync,121596,0.277517,132242,6.2845,0.100571,0.100667,44.627491,991.905882,0.218602,0.114858,991.905882,0.042674,0.370832,0.003263,0.998630,4535.769526,d2_heavy
desync_coreutils_64_O0_tty,desync,115662,0.277870,125666,6.2784,0.101775,0.102065,44.972404,1004.604892,0.210615,0.119517,1004.604892,0.042970,0.372695,0.003023,0.998703,4432.728996,d2_heavy
desync_coreutils_64_O0_printenv,desync,117396,0.278459,127618,6.2843,0.100924,0.101170,44.387899,996.630173,0.207995,0.107540,996.630173,0.042139,0.372549,0.003085,0.998663,3801.164316,d2_heavy
desync_coreutils_64_O0_mkfifo,desync,139261,0.279633,151490,6.2767,0.099592,0.099740,44.945716,1010.371832,0.216575,0.114658,1010.371832,0.042962,0.373610,0.003099,0.998677,7297.826709,d2_heavy
desync_coreutils_64_O0_paste,desync,145699,0.276749,158274,6.2705,0.101195,0.101284,46.871799,1016.021179,0.218550,0.114290,1016.021179,0.045340,0.373124,0.002750,0.998864,6011.961056,d2_heavy
desync_coreutils_64_O0_groups,desync,135762,0.277986,147522,6.2692,0.099318,0.099220,46.639440,1012.508941,0.217999,0.121078,1012.508941,0.044836,0.372444,0.002257,0.999026,5207.293688,d2_heavy
desync_coreutils_64_O0_basename,desync,125576,0.277752,136434,6.2811,0.102072,0.102040,45.704094,1004.144813,0.217598,0.112495,1004.144813,0.044101,0.373370,0.003303,0.998623,4947.948804,d2_heavy
desync_coreutils_64_O0_mktemp,desync,142799,0.276515,155490,6.2584,0.101411,0.101503,45.401642,1006.649475,0.209525,0.114979,1006.649475,0.043852,0.370656,0.003397,0.998543,4385.983756,d2_heavy
desync_coreutils_64_O0_kill,desync,137629,0.276882,149554,6.2727,0.101223,0.101393,45.565850,1017.241974,0.209806,0.112281,1017.241974,0.043486,0.371263,0.003016,0.998718,5172.406604,d2_heavy
desync_coreutils_64_O0_true,desync,113436,0.278562,123378,6.2801,0.099335,0.099488,44.484794,989.655328,0.211967,0.131936,989.655328,0.042896,0.371200,0.003248,0.998637,4320.561259,d2_heavy
desync_coreutils_64_O0_false,desync,113434,0.278726,123362,6.2770,0.099082,0.099070,44.424176,986.421210,0.216226,0.110010,986.421210,0.042712,0.370372,0.003945,0.998335,3562.858699,d2_heavy
desync_coreutils_64_O0_unlink,desync,128072,0.255021,139186,6.5170,0.122573,0.122028,44.150156,1014.917410,0.216300,0.121920,1014.917410,0.042781,0.371581,0.004724,0.997976,3994.536032,d3_max
desync_coreutils_64_O0_link,desync,129928,0.254533,141170,6.5141,0.123727,0.123429,43.591781,1009.773829,0.218997,0.115998,1009.773829,0.042000,0.372356,0.004807,0.997950,4287.245957,d3_max
desync_coreutils_64_O0_logname,desync,126777,0.254936,137666,6.5141,0.124240,0.123950,45.511459,1036.754097,0.220661,0.110502,1036.754097,0.044614,0.373627,0.004645,0.998027,4522.038215,d3_max
desync_coreutils_64_O0_runcon,desync,136665,0.255303,148386,6.5052,0.122933,0.122828,43.699582,1019.312924,0.219939,0.119165,1019.312924,0.043105,0.370802,0.005588,0.997615,4474.461909,d3_max
desync_coreutils_64_O0_make-prime-list,desync,16435,0.249407,17816,6.5574,0.125581,0.125354,23.662645,1043.500573,0.221888,0.138284,1043.500573,0.047521,0.373573,0.004202,0.998306,647.461048,d3_max
desync_coreutils_64_O0_nproc,desync,141563,0.255434,153698,6.5152,0.123195,0.123048,43.605798,1013.300702,0.221079,0.116656,1013.300702,0.042327,0.372634,0.004805,0.997954,5157.227252,d3_max
desync_coreutils_64_O0_sync,desync,138195,0.254604,150098,6.5120,0.124076,0.123620,45.024899,1032.036619,0.219068,0.106355,1032.036619,0.043952,0.374232,0.004622,0.998059,5163.441382,d3_max
desync_coreutils_64_O0_nice,desync,141539,0.255025,153938,6.5148,0.122992,0.122904,42.012047,1002.674996,0.214639,0.111944,1002.674996,0.040519,0.369339,0.006265,0.997351,5329.427333,d3_max
desync_coreutils_64_O0_uname,desync,129949,0.254515,141122,6.5131,0.123192,0.122806,43.227803,1011.060384,0.223887,0.108529,1011.060384,0.042047,0.370964,0.005389,0.997710,3905.511497,d3_max
desync_coreutils_64_O0_tty,desync,123543,0.255514,134194,6.5134,0.121773,0.121258,41.971820,1002.954780,0.218304,0.104498,1002.954780,0.040666,0.368777,0.005974,0.997441,4009.706716,d3_max
desync_coreutils_64_O0_printenv,desync,125466,0.255543,136178,6.5125,0.123568,0.123425,42.104733,1007.881768,0.212904,0.100298,1007.881768,0.040130,0.370405,0.005258,0.997742,4874.837131,d3_max
desync_coreutils_64_O0_groups,desync,144610,0.254332,156946,6.5123,0.122575,0.122275,45.318726,1039.268906,0.222234,0.122661,1039.268906,0.043973,0.373018,0.004169,0.998194,5950.926467,d3_max
desync_coreutils_64_O0_basename,desync,134291,0.255170,145730,6.5184,0.123910,0.123789,43.617765,1019.915624,0.212756,0.103661,1019.915624,0.042311,0.371971,0.005204,0.997834,5000.952832,d3_max
desync_coreutils_64_O0_true,desync,121332,0.255802,131746,6.5148,0.122393,0.121884,43.799711,1015.843377,0.217367,0.106709,1015.843377,0.042017,0.373060,0.004266,0.998198,4558.686418,d3_max
desync_coreutils_64_O0_false,desync,121184,0.256098,131602,6.5126,0.121681,0.121628,41.191768,994.522605,0.213767,0.118928,994.522605,0.039411,0.368952,0.005950,0.997445,3671.103310,d3_max
desync_coreutils_64_O0_sleep,desync,142231,0.254431,154418,6.5229,0.123263,0.122785,42.864913,1006.234330,0.214692,0.099596,1006.234330,0.041721,0.371126,0.004887,0.997927,4172.832740,d3_max
desync_coreutils_64_O0_dirname,desync,129291,0.254960,140290,6.5179,0.123096,0.122796,43.152943,1016.620608,0.219648,0.115285,1016.620608,0.041797,0.370745,0.005447,0.997647,3877.213777,d3_max
desync_coreutils_64_O0_echo,desync,131693,0.255944,142930,6.5128,0.124348,0.124274,42.834541,1018.920619,0.218979,0.102229,1018.920619,0.041225,0.371426,0.005547,0.997644,3395.576138,d3_max
desync_coreutils_64_O0_hostid,desync,125650,0.254636,136546,6.5125,0.122700,0.122240,43.198560,1019.602424,0.215586,0.107949,1019.602424,0.041950,0.369963,0.005663,0.997627,3224.444399,d3_max
desync_coreutils_64_O0_pathchk,desync,141514,0.253735,153794,6.5140,0.125154,0.124707,44.797070,1029.289959,0.223638,0.116290,1029.289959,0.043508,0.373615,0.004788,0.997986,5565.845769,d3_max
ls_packed,packed,45567,0.000000,52739,7.8887,0.365597,0.329270,1.202726,435.896029,0.189167,0.120192,435.896029,0.013694,0.330918,0.129967,0.948375,6.842230,upx
base64_upx_nrv__nrv,packed,16654,0.000000,19498,7.8037,0.364767,0.317922,1.078340,407.758890,0.200008,0.142857,407.758890,0.018074,0.326522,0.135618,0.947166,7.212020,nrv
cp_upx_nrv__nrv,packed,48755,0.000000,56570,7.8309,0.357268,0.314671,0.959587,359.676318,0.185649,0.130000,359.676318,0.016409,0.318543,0.139975,0.945250,5.438573,nrv
dir_upx_nrv__nrv,packed,43661,0.000000,50858,7.8488,0.359088,0.315425,0.996939,361.919855,0.196423,0.158654,361.919855,0.014292,0.318916,0.138927,0.945571,5.711107,nrv
du_upx_nrv__nrv,packed,41659,0.000000,48434,7.8442,0.364393,0.322607,1.052156,385.828442,0.210597,0.131545,385.828442,0.018795,0.325818,0.133448,0.947848,6.163393,nrv
ls_upx_nrv__nrv,packed,43653,0.000000,50858,7.8488,0.359273,0.315294,0.997579,361.992940,0.196491,0.158654,361.992940,0.014295,0.318911,0.139331,0.945358,5.711064,nrv
od_upx_nrv__nrv,packed,27351,0.000000,31730,7.8335,0.362532,0.318281,1.111312,385.126071,0.188711,0.174927,385.126071,0.012541,0.324302,0.137497,0.946282,6.380645,nrv
sha256sum_upx_nrv__nrv,packed,19523,0.000000,22650,7.8202,0.365799,0.326145,1.170643,419.808884,0.204099,0.245098,419.808884,0.015674,0.334254,0.132404,0.947810,7.122085,nrv
sort_upx_nrv__nrv,packed,43931,0.000000,50922,7.8332,0.359041,0.314506,1.057241,380.448990,0.202443,0.143631,380.448990,0.016799,0.317567,0.142005,0.944572,5.963587,nrv
base64_upx_lzma__lzma,packed,16137,0.000000,18443,7.9420,0.372681,0.333470,1.083181,371.939096,0.185167,0.100457,371.939096,0.013571,0.338130,0.133832,0.947496,7.236076,lzma
cp_upx_lzma__lzma,packed,42163,0.000000,48371,7.9866,0.382290,0.346813,1.051420,397.461564,0.190446,0.166667,397.461564,0.019353,0.347826,0.131710,0.947298,6.190430,lzma
dir_upx_lzma__lzma,packed,38341,0.000000,43939,7.9848,0.377449,0.340318,0.981954,373.841309,0.184954,0.063107,373.841309,0.016119,0.341699,0.136450,0.946018,5.834535,lzma
du_upx_lzma__lzma,packed,36808,0.000000,42099,7.9848,0.378669,0.341417,1.096108,398.710893,0.188874,0.116638,398.710893,0.015839,0.342473,0.135404,0.946107,6.310212,lzma
ls_upx_lzma__lzma,packed,38338,0.000000,43971,7.9859,0.378534,0.341623,1.006458,377.274267,0.174744,0.077176,377.274267,0.015885,0.342134,0.135227,0.946226,6.092344,lzma
od_upx_lzma__lzma,packed,24945,0.000000,28547,7.9704,0.375516,0.336825,1.069149,394.104065,0.207979,0.125828,394.104065,0.018160,0.339459,0.135245,0.946445,6.966334,lzma
sha256sum_upx_lzma__lzma,packed,18307,0.000000,20955,7.9529,0.378366,0.343458,1.132377,413.338629,0.187630,0.061475,413.338629,0.013328,0.345376,0.130186,0.948224,7.176481,lzma
sort_upx_lzma__lzma,packed,37902,0.000000,43483,7.9859,0.378171,0.341347,1.056803,387.869140,0.200740,0.165339,387.869140,0.013245,0.342596,0.131822,0.947389,6.437947,lzma
