construction,family,base,donor,seed,interleave_seed,n_cand,s_glob,s_spat,ece_cal,ece_raw,true_recov,gt_positives,adv_bytes,adv_positives,gt_source,region_n,region_mean_pi_cal,region_fp_conf,region_s_glob,region_s_spat,fire_glob,fire_spat,fires
C0_clean_base,clean,gcc_coreutils_64_O1_sum,gcc_coreutils_64_O1_printf,0x9e3779b97f4a7c15,0xdeadbeef,18611,0.648319,0.060142,0.002035,0.015391,0.976021,5213,0,0,injector-record,0,0.000000,0,0.000000,0.000000,0,0,none
C1_decoy_realcode,decoy,gcc_coreutils_64_O1_sum,gcc_coreutils_64_O1_printf,0x9e3779b97f4a7c15,0xdeadbeef,46508,1.359614,0.079764,0.160727,0.157660,0.976981,5213,30828,0,injector-record,27897,0.266032,6743,0.600185,0.077278,1,0,S_glob
C1b_decoy_decodeGT,decoy_relabeled,gcc_coreutils_64_O1_sum,gcc_coreutils_64_O1_printf,0x9e3779b97f4a7c15,0xdeadbeef,46508,1.359614,0.079764,0.003411,0.013571,0.979009,12672,30828,7459,injector-record,27897,0.266032,6743,0.600185,0.077278,1,0,S_glob
C2_decoy_nopsled,packing,gcc_coreutils_64_O1_sum,gcc_coreutils_64_O1_printf,0x9e3779b97f4a7c15,0xdeadbeef,49439,0.500423,0.328830,0.520131,0.627232,0.976021,5213,30828,0,injector-record,30828,0.833064,30784,0.411060,0.970687,0,1,S_spat
C3_pack_random,packing,gcc_coreutils_64_O1_sum,gcc_coreutils_64_O1_printf,0x9e3779b97f4a7c15,0xdeadbeef,45369,0.832935,0.162347,0.215944,0.195545,0.976021,5213,30828,0,injector-record,26758,0.365791,5144,0.961302,0.197403,0,1,S_spat
C4_pack_deflate,packing,gcc_coreutils_64_O1_sum,gcc_coreutils_64_O1_printf,0x9e3779b97f4a7c15,0xdeadbeef,47342,0.699069,0.247590,0.179792,0.124402,0.976021,5213,30828,0,injector-record,28731,0.296006,2479,0.731852,0.271958,0,1,S_spat
C5_interleave_k512,interleave,gcc_coreutils_64_O1_sum,gcc_coreutils_64_O1_printf,0x9e3779b97f4a7c15,0xdeadbeef,46217,1.788095,0.141491,0.190526,0.177742,0.975830,5213,30828,0,injector-record,27606,0.318683,5965,2.554798,0.181814,1,1,S_glob+S_spat
C5_interleave_k128,interleave,gcc_coreutils_64_O1_sum,gcc_coreutils_64_O1_printf,0x9e3779b97f4a7c15,0xdeadbeef,46328,2.458325,0.164613,0.193855,0.178209,0.975830,5213,30828,0,injector-record,27717,0.323740,5946,3.656068,0.212530,1,1,S_glob+S_spat
C5_interleave_k32,interleave,gcc_coreutils_64_O1_sum,gcc_coreutils_64_O1_printf,0x9e3779b97f4a7c15,0xdeadbeef,46352,1.449713,0.168767,0.194755,0.180278,0.975638,5213,30828,0,injector-record,27741,0.325153,5968,1.972300,0.218015,1,1,S_glob+S_spat
C5_interleave_k8,interleave,gcc_coreutils_64_O1_sum,gcc_coreutils_64_O1_printf,0x9e3779b97f4a7c15,0xdeadbeef,46317,1.064192,0.153757,0.197679,0.182675,0.976021,5213,30828,0,injector-record,27706,0.330194,5638,1.342523,0.194958,1,1,S_glob+S_spat
C6_desync_rho0.02,desync,gcc_coreutils_64_O1_sum,gcc_coreutils_64_O1_printf,0x9e3779b97f4a7c15,0xdeadbeef,18715,6.146274,0.160949,0.043088,0.056947,0.902168,5213,104,0,injector-record,0,0.000000,0,0.000000,0.000000,1,1,S_glob+S_spat
C6_desync_rho0.05,desync,gcc_coreutils_64_O1_sum,gcc_coreutils_64_O1_printf,0x9e3779b97f4a7c15,0xdeadbeef,18875,9.284793,0.210909,0.064482,0.079044,0.866488,5213,260,0,injector-record,0,0.000000,0,0.000000,0.000000,1,1,S_glob+S_spat
C6_desync_rho0.10,desync,gcc_coreutils_64_O1_sum,gcc_coreutils_64_O1_printf,0x9e3779b97f4a7c15,0xdeadbeef,19144,9.275298,0.241656,0.102975,0.116402,0.787263,5213,521,0,injector-record,0,0.000000,0,0.000000,0.000000,1,1,S_glob+S_spat
C6_desync_rho0.20,desync,gcc_coreutils_64_O1_sum,gcc_coreutils_64_O1_printf,0x9e3779b97f4a7c15,0xdeadbeef,19675,12.199704,0.265843,0.150333,0.168102,0.685402,5213,1042,0,injector-record,0,0.000000,0,0.000000,0.000000,1,1,S_glob+S_spat
C6_desync_rho0.40,desync,gcc_coreutils_64_O1_sum,gcc_coreutils_64_O1_printf,0x9e3779b97f4a7c15,0xdeadbeef,20373,15.541622,0.273312,0.200553,0.216815,0.588912,5213,1737,0,injector-record,0,0.000000,0,0.000000,0.000000,1,1,S_glob+S_spat
C0_clean_base,clean,gcc_coreutils_64_O1_printf,gcc_coreutils_64_O1_sum,0x9e3779b97f4a7c15,0xdeadbeef,27897,0.566923,0.070299,0.005560,0.012034,0.979890,7459,0,0,injector-record,0,0.000000,0,0.000000,0.000000,0,0,none
C1_decoy_realcode,decoy,gcc_coreutils_64_O1_printf,gcc_coreutils_64_O1_sum,0x9e3779b97f4a7c15,0xdeadbeef,46508,1.602146,0.081039,0.112649,0.113713,0.979220,7459,20060,0,injector-record,18611,0.281359,4788,0.682400,0.063816,1,0,S_glob
C1b_decoy_decodeGT,decoy_relabeled,gcc_coreutils_64_O1_printf,gcc_coreutils_64_O1_sum,0x9e3779b97f4a7c15,0xdeadbeef,46508,1.602146,0.081039,0.003930,0.014567,0.977983,12672,20060,5213,injector-record,18611,0.281359,4788,0.682400,0.063816,1,0,S_glob
C2_decoy_nopsled,packing,gcc_coreutils_64_O1_printf,gcc_coreutils_64_O1_sum,0x9e3779b97f4a7c15,0xdeadbeef,47957,0.501795,0.277077,0.350364,0.423859,0.979890,7459,20060,0,injector-record,20060,0.832919,20016,0.411103,0.970699,0,1,S_spat
C3_pack_random,packing,gcc_coreutils_64_O1_printf,gcc_coreutils_64_O1_sum,0x9e3779b97f4a7c15,0xdeadbeef,45381,0.719538,0.140974,0.139948,0.126005,0.979890,7459,20060,0,injector-record,17484,0.366491,3423,0.962987,0.195488,0,1,S_spat
C4_pack_deflate,packing,gcc_coreutils_64_O1_printf,gcc_coreutils_64_O1_sum,0x9e3779b97f4a7c15,0xdeadbeef,46448,1.802436,0.245943,0.196127,0.161622,0.979890,7459,20060,0,injector-record,18551,0.494239,2148,3.660088,0.394130,1,1,S_glob+S_spat
C5_interleave_k512,interleave,gcc_coreutils_64_O1_printf,gcc_coreutils_64_O1_sum,0x9e3779b97f4a7c15,0xdeadbeef,45849,1.365551,0.126042,0.125217,0.116041,0.979488,7459,20060,0,injector-record,17952,0.322923,3970,2.480214,0.183346,1,1,S_glob+S_spat
C5_interleave_k128,interleave,gcc_coreutils_64_O1_printf,gcc_coreutils_64_O1_sum,0x9e3779b97f4a7c15,0xdeadbeef,45978,1.643164,0.146387,0.128597,0.117568,0.979488,7459,20060,0,injector-record,18081,0.330190,4041,3.178084,0.217265,1,1,S_glob+S_spat
C5_interleave_k32,interleave,gcc_coreutils_64_O1_printf,gcc_coreutils_64_O1_sum,0x9e3779b97f4a7c15,0xdeadbeef,45981,1.064360,0.139492,0.126744,0.115433,0.979622,7459,20060,0,injector-record,18084,0.325436,3847,1.740259,0.204927,1,1,S_glob+S_spat
C5_interleave_k8,interleave,gcc_coreutils_64_O1_printf,gcc_coreutils_64_O1_sum,0x9e3779b97f4a7c15,0xdeadbeef,45923,0.913989,0.138623,0.129594,0.117708,0.979890,7459,20060,0,injector-record,18026,0.333311,3715,1.449477,0.199775,0,1,S_spat
C6_desync_rho0.02,desync,gcc_coreutils_64_O1_printf,gcc_coreutils_64_O1_sum,0x9e3779b97f4a7c15,0xdeadbeef,28049,5.893150,0.167038,0.030399,0.048069,0.914868,7459,149,0,injector-record,0,0.000000,0,0.000000,0.000000,1,1,S_glob+S_spat
C6_desync_rho0.05,desync,gcc_coreutils_64_O1_printf,gcc_coreutils_64_O1_sum,0x9e3779b97f4a7c15,0xdeadbeef,28285,8.266587,0.242105,0.049682,0.069889,0.872369,7459,372,0,injector-record,0,0.000000,0,0.000000,0.000000,1,1,S_glob+S_spat
C6_desync_rho0.10,desync,gcc_coreutils_64_O1_printf,gcc_coreutils_64_O1_sum,0x9e3779b97f4a7c15,0xdeadbeef,28667,10.919463,0.255345,0.089793,0.107848,0.793270,7459,745,0,injector-record,0,0.000000,0,0.000000,0.000000,1,1,S_glob+S_spat
C6_desync_rho0.20,desync,gcc_coreutils_64_O1_printf,gcc_coreutils_64_O1_sum,0x9e3779b97f4a7c15,0xdeadbeef,29443,12.455681,0.289172,0.135259,0.157393,0.691916,7459,1491,0,injector-record,0,0.000000,0,0.000000,0.000000,1,1,S_glob+S_spat
C6_desync_rho0.40,desync,gcc_coreutils_64_O1_printf,gcc_coreutils_64_O1_sum,0x9e3779b97f4a7c15,0xdeadbeef,30479,13.527202,0.313417,0.182114,0.200246,0.582786,7459,2486,0,injector-record,0,0.000000,0,0.000000,0.000000,1,1,S_glob+S_spat
