binary,obf,struct,obj_class,rung,n,n_ambig,base_rate,U_entropy,U_bayes,U_entropy_ambig,U_bayes_ambig,beta_ambig,ece,auroc,align_ok,e_type,exec_vaddr,gt_n,ambig_provenance,resolve,n_clamp,status
computed_goto,code-in-data,tiled,instruction-start,R0,4366,3899,0.04580852038479157,0.12308479341936925,0.02061172125131927,0.13169718866787902,0.022162995630795275,0.0512952038984355,0.0251967991334723,0.8488538166106577,True,2,4160,200,junk_decoy_region,False,0,ok
computed_goto,code-in-data,tiled,instruction-start,R1,4366,,0.0458,,,,,,0.0295,0.6526,True,2,4160,200,junk_decoy_region,False,0,ok
computed_goto,code-in-data,tiled,function-head,R0,,,0.125,,,,,,0.0498,0.8333,True,2,4160,200,junk_decoy_region,False,0,ok
computed_goto,code-in-data,tiled,instruction-start,R2,4366,3899,0.04580852038479157,0.09647817558744422,0.015430483996991175,0.10392134599720615,0.01670042063619462,0.0512952038984355,0.018009735883906672,0.8828504560729716,True,2,4160,200,junk_decoy_region,False,0,ok
computed_goto,code-in-data,tiled,function-head,R2,,,0.125,,,,,,0.0498,0.8333,True,2,4160,200,junk_decoy_region,False,0,ok
computed_goto,code-in-data,tiled,instruction-start,R3,4366,3899,0.04580852038479157,0.09647817558744422,0.015430483996991175,0.10392134599720615,0.01670042063619462,0.0512952038984355,0.018009735883906672,0.8828504560729716,True,2,4160,200,junk_decoy_region,True,0,ok
computed_goto,code-in-data,tiled,function-head,R3,,,0.125,,,,,,0.0498,0.8333,True,2,4160,200,junk_decoy_region,True,0,ok
computed_goto,code-in-data,tiled,instruction-start,R4,4366,3899,0.04580852038479157,0.0793090740959062,0.011812048367744438,0.08493679261013408,0.012699211444536961,0.0512952038984355,0.019337745493913833,0.8868440950552088,True,2,4160,200,junk_decoy_region,True,5,ok
computed_goto,code-in-data,tiled,function-head,R4,,,0.125,,,,,,0.0873,1.0,True,2,4160,200,junk_decoy_region,True,5,ok
computed_goto,code-in-data,tiled,instruction-start,R5,4366,3899,0.04580852038479157,0.0793090740959062,0.011812048367744438,0.08493679261013408,0.012699211444536961,0.0512952038984355,0.019337745493913833,0.8868440950552088,True,2,4160,200,junk_decoy_region,True,9,ok
computed_goto,code-in-data,tiled,function-head,R5,,,0.125,,,,,,0.0873,1.0,True,2,4160,200,junk_decoy_region,True,9,ok
switch_dense,code-in-data,tiled,instruction-start,R0,4801,4049,0.059987502603624246,0.18782022401898205,0.03493972656619625,0.20236620466382566,0.038062427738301555,0.0711286737466041,0.025047776037428,0.8377999821503311,True,2,4160,288,junk_decoy_region,False,0,ok
switch_dense,code-in-data,tiled,instruction-start,R1,4801,,0.06,,,,,,0.0491,0.5822,True,2,4160,288,junk_decoy_region,False,0,ok
switch_dense,code-in-data,tiled,function-head,R0,,,0.2143,,,,,,0.0141,0.8333,True,2,4160,288,junk_decoy_region,False,0,ok
switch_dense,code-in-data,tiled,instruction-start,R2,4801,4049,0.059987502603624246,0.15670569570355208,0.028009344354007506,0.16962060169161122,0.03063485779726924,0.0711286737466041,0.023438270726184124,0.8521866613733166,True,2,4160,288,junk_decoy_region,False,0,ok
switch_dense,code-in-data,tiled,function-head,R2,,,0.2143,,,,,,0.0141,0.8333,True,2,4160,288,junk_decoy_region,False,0,ok
switch_dense,code-in-data,tiled,instruction-start,R3,4801,4049,0.059987502603624246,0.15670569570355208,0.028009344354007506,0.16962060169161122,0.03063485779726924,0.0711286737466041,0.023438270726184124,0.8521866613733166,True,2,4160,288,junk_decoy_region,True,0,ok
switch_dense,code-in-data,tiled,function-head,R3,,,0.2143,,,,,,0.0141,0.8333,True,2,4160,288,junk_decoy_region,True,0,ok
switch_dense,code-in-data,tiled,instruction-start,R4,4801,4049,0.059987502603624246,0.15595584339882929,0.02786053057014928,0.16873148316482087,0.030458405592699394,0.0711286737466041,0.021712475053679087,0.8539870159046704,True,2,4160,288,junk_decoy_region,True,5,ok
switch_dense,code-in-data,tiled,function-head,R4,,,0.2143,,,,,,0.0784,1.0,True,2,4160,288,junk_decoy_region,True,5,ok
switch_dense,code-in-data,tiled,instruction-start,R5,4801,4049,0.059987502603624246,0.15595584339882929,0.02786053057014928,0.16873148316482087,0.030458405592699394,0.0711286737466041,0.021712475053679087,0.8539870159046704,True,2,4160,288,junk_decoy_region,True,9,ok
switch_dense,code-in-data,tiled,function-head,R5,,,0.2143,,,,,,0.0784,1.0,True,2,4160,288,junk_decoy_region,True,9,ok
switch_tailcall,code-in-data,tiled,instruction-start,R0,4197,3772,0.04860614724803431,0.15884924714019538,0.02841048256996521,0.16911134004945685,0.030428858902867006,0.05408271474019088,0.0201956646780691,0.8335002921779782,True,2,4160,204,junk_decoy_region,False,0,ok
switch_tailcall,code-in-data,tiled,instruction-start,R1,4197,,0.0486,,,,,,0.0337,0.6978,True,2,4160,204,junk_decoy_region,False,0,ok
switch_tailcall,code-in-data,tiled,function-head,R0,,,0.1154,,,,,,0.0536,0.8333,True,2,4160,204,junk_decoy_region,False,0,ok
switch_tailcall,code-in-data,tiled,instruction-start,R2,4197,3772,0.04860614724803431,0.1227256335840079,0.026638798759004663,0.13132604224882852,0.028812254789938582,0.05408271474019088,0.01784395502871527,0.8696567031520848,True,2,4160,204,junk_decoy_region,False,0,ok
switch_tailcall,code-in-data,tiled,function-head,R2,,,0.1154,,,,,,0.0536,0.8333,True,2,4160,204,junk_decoy_region,False,0,ok
switch_tailcall,code-in-data,tiled,instruction-start,R3,4197,3772,0.04860614724803431,0.1227256335840079,0.026638798759004663,0.13132604224882852,0.028812254789938582,0.05408271474019088,0.01784395502871527,0.8696567031520848,True,2,4160,204,junk_decoy_region,True,0,ok
switch_tailcall,code-in-data,tiled,function-head,R3,,,0.1154,,,,,,0.0536,0.8333,True,2,4160,204,junk_decoy_region,True,0,ok
switch_tailcall,code-in-data,tiled,instruction-start,R4,4197,3772,0.04860614724803431,0.12068605670449745,0.02584411347960338,0.1290566615056404,0.027928030474549594,0.05408271474019088,0.01919365859849201,0.8702478111204411,True,2,4160,204,junk_decoy_region,True,10,ok
switch_tailcall,code-in-data,tiled,function-head,R4,,,0.1154,,,,,,0.0882,1.0,True,2,4160,204,junk_decoy_region,True,10,ok
switch_tailcall,code-in-data,tiled,instruction-start,R5,4197,3772,0.04860614724803431,0.12068605670449745,0.02584411347960338,0.1290566615056404,0.027928030474549594,0.05408271474019088,0.01919365859849201,0.8702478111204411,True,2,4160,204,junk_decoy_region,True,19,ok
switch_tailcall,code-in-data,tiled,function-head,R5,,,0.1154,,,,,,0.0882,1.0,True,2,4160,204,junk_decoy_region,True,19,ok
vtable_codec,code-in-data,tiled,instruction-start,R0,4531,3936,0.05672037077907747,0.1983254331111743,0.03766746256165802,0.2114549561374242,0.04055658435591293,0.06529471544715447,0.01905290821741945,0.8242973075823593,True,2,4176,257,junk_decoy_region,False,0,ok
vtable_codec,code-in-data,tiled,instruction-start,R1,4531,,0.0567,,,,,,0.0457,0.6432,True,2,4176,257,junk_decoy_region,False,0,ok
vtable_codec,code-in-data,tiled,function-head,R0,,,0.1579,,,,,,0.1327,0.8021,True,2,4176,257,junk_decoy_region,False,0,ok
vtable_codec,code-in-data,tiled,instruction-start,R2,4531,3936,0.05672037077907747,0.09794342087603047,0.01449687677316706,0.10328100048965531,0.015382411950003958,0.06529471544715447,0.02633296211449571,0.8559714971895945,True,2,4176,257,junk_decoy_region,False,0,ok
vtable_codec,code-in-data,tiled,function-head,R2,,,0.1579,,,,,,0.1327,0.8021,True,2,4176,257,junk_decoy_region,False,0,ok
vtable_codec,code-in-data,tiled,instruction-start,R3,4531,3936,0.05672037077907747,0.09794342087603047,0.01449687677316706,0.10328100048965531,0.015382411950003958,0.06529471544715447,0.02633296211449571,0.8559714971895945,True,2,4176,257,junk_decoy_region,True,0,ok
vtable_codec,code-in-data,tiled,function-head,R3,,,0.1579,,,,,,0.1327,0.8021,True,2,4176,257,junk_decoy_region,True,0,ok
vtable_codec,code-in-data,tiled,instruction-start,R4,4531,3936,0.05672037077907747,0.07577182668637568,0.010265441462035427,0.0790662339109811,0.010761949672159415,0.06529471544715447,0.028136677275550095,0.8604584047238847,True,2,4176,257,junk_decoy_region,True,14,ok
vtable_codec,code-in-data,tiled,function-head,R4,,,0.1579,,,,,,0.1801,1.0,True,2,4176,257,junk_decoy_region,True,14,ok
vtable_codec,code-in-data,tiled,instruction-start,R5,4531,3936,0.05672037077907747,0.07577182668637568,0.010265441462035427,0.0790662339109811,0.010761949672159415,0.06529471544715447,0.028136677275550095,0.8604584047238847,True,2,4176,257,junk_decoy_region,True,27,ok
vtable_codec,code-in-data,tiled,function-head,R5,,,0.1579,,,,,,0.1801,1.0,True,2,4176,257,junk_decoy_region,True,27,ok
vtable_shapes,code-in-data,tiled,instruction-start,R0,4518,3965,0.05201416555998229,0.1673266456007127,0.029647569461515286,0.178159695755147,0.03183944713579829,0.05926860025220681,0.022366596098467004,0.831398254355418,True,2,4176,235,junk_decoy_region,False,0,ok
vtable_shapes,code-in-data,tiled,instruction-start,R1,4518,,0.052,,,,,,0.0654,0.7258,True,2,4176,235,junk_decoy_region,False,0,ok
vtable_shapes,code-in-data,tiled,function-head,R0,,,0.1364,,,,,,0.2661,0.7018,True,2,4176,235,junk_decoy_region,False,0,ok
vtable_shapes,code-in-data,tiled,instruction-start,R2,4518,3965,0.05201416555998229,0.15835818818482503,0.035732532498140956,0.17269613178125492,0.039486084174683175,0.05926860025220681,0.00942018994541822,0.8737825445477171,True,2,4176,235,junk_decoy_region,False,0,ok
vtable_shapes,code-in-data,tiled,function-head,R2,,,0.1364,,,,,,0.2661,0.7018,True,2,4176,235,junk_decoy_region,False,0,ok
vtable_shapes,code-in-data,tiled,instruction-start,R3,4518,3965,0.05201416555998229,0.15835818818482503,0.035732532498140956,0.17269613178125492,0.039486084174683175,0.05926860025220681,0.00942018994541822,0.8737825445477171,True,2,4176,235,junk_decoy_region,True,0,ok
vtable_shapes,code-in-data,tiled,function-head,R3,,,0.1364,,,,,,0.2661,0.7018,True,2,4176,235,junk_decoy_region,True,0,ok
vtable_shapes,code-in-data,tiled,instruction-start,R4,4518,3965,0.05201416555998229,0.11208000038167024,0.01838494625318502,0.12042374873493503,0.019905075875519457,0.05926860025220681,0.015036921830037644,0.877885852529297,True,2,4176,235,junk_decoy_region,True,12,ok
vtable_shapes,code-in-data,tiled,function-head,R4,,,0.1364,,,,,,0.3184,1.0,True,2,4176,235,junk_decoy_region,True,12,ok
vtable_shapes,code-in-data,tiled,instruction-start,R5,4518,3965,0.05201416555998229,0.11208000038167024,0.01838494625318502,0.12042374873493503,0.019905075875519457,0.05926860025220681,0.015036921830037644,0.877885852529297,True,2,4176,235,junk_decoy_region,True,24,ok
vtable_shapes,code-in-data,tiled,function-head,R5,,,0.1364,,,,,,0.3184,1.0,True,2,4176,235,junk_decoy_region,True,24,ok
gcc_coreutils_64_O2_ls_disconnected,decoy-heavy,disconnected,instruction-start,R0,123289,18142,0.13724663189741176,0.15495265349642853,0.030756602633967903,0.4163323660134105,0.08522291778739682,0.9326976077609965,0.10649002926344386,0.9248323855270023,True,2,4204928,16921,manifest.decoy_entries,False,0,ok
gcc_coreutils_64_O2_ls_disconnected,decoy-heavy,disconnected,instruction-start,R1,123289,,0.1372,,,,,,0.0556,0.8103,True,2,4204928,16921,manifest.decoy_entries,False,0,ok
gcc_coreutils_64_O2_ls_disconnected,decoy-heavy,disconnected,function-head,R0,,,0.3305,,,,,,0.1689,0.9253,True,2,4204928,16921,manifest.decoy_entries,False,0,ok
gcc_coreutils_64_O2_ls_disconnected,decoy-heavy,disconnected,instruction-start,R2,123289,18142,0.13724663189741176,0.1319887235587506,0.028389752228695636,0.29242147421114983,0.06810117089306593,0.9326976077609965,0.037423094010625414,0.9574192408681071,True,2,4204928,16921,manifest.decoy_entries,False,0,ok
gcc_coreutils_64_O2_ls_disconnected,decoy-heavy,disconnected,function-head,R2,,,0.3305,,,,,,0.1689,0.9253,True,2,4204928,16921,manifest.decoy_entries,False,0,ok
gcc_coreutils_64_O2_ls_disconnected,decoy-heavy,disconnected,instruction-start,R3,123289,18142,0.13724663189741176,0.1319887235587506,0.028389752228695636,0.29242147421114983,0.06810117089306593,0.9326976077609965,0.037423094010625414,0.9574192033650429,True,2,4204928,16921,manifest.decoy_entries,True,0,ok
gcc_coreutils_64_O2_ls_disconnected,decoy-heavy,disconnected,function-head,R3,,,0.3305,,,,,,0.1689,0.9253,True,2,4204928,16921,manifest.decoy_entries,True,0,ok
gcc_coreutils_64_O2_ls_disconnected,decoy-heavy,disconnected,instruction-start,R4,123289,18142,0.13724663189741176,0.12547318705291077,0.027469614308028543,0.23896902975500423,0.05671934467724653,0.9326976077609965,0.037889014604525026,0.9580030096770218,True,2,4204928,16921,manifest.decoy_entries,True,122,ok
gcc_coreutils_64_O2_ls_disconnected,decoy-heavy,disconnected,function-head,R4,,,0.3305,,,,,,0.1964,0.9719,True,2,4204928,16921,manifest.decoy_entries,True,122,ok
gcc_coreutils_64_O2_ls_disconnected,decoy-heavy,disconnected,instruction-start,R5,123289,18142,0.13724663189741176,0.10869373927671419,0.021605221429445015,0.17450248671835228,0.036101940475746455,0.9326976077609965,0.03376062629419644,0.9594571734918999,True,2,4204928,16921,manifest.decoy_entries,True,244,ok
gcc_coreutils_64_O2_ls_disconnected,decoy-heavy,disconnected,function-head,R5,,,0.3305,,,,,,0.2113,1.0,True,2,4204928,16921,manifest.decoy_entries,True,244,ok
gcc_coreutils_64_O2_ls_high-posterior,decoy-heavy,high-posterior,instruction-start,R0,124388,18335,0.13603402257452488,0.15373320255385958,0.029858460629546293,0.400474794704521,0.08049206848463683,0.9228797382056176,0.10617556194497858,0.9267271709793306,True,2,4204928,16921,manifest.decoy_entries,False,0,ok
gcc_coreutils_64_O2_ls_high-posterior,decoy-heavy,high-posterior,instruction-start,R1,124388,,0.136,,,,,,0.0586,0.8128,True,2,4204928,16921,manifest.decoy_entries,False,0,ok
gcc_coreutils_64_O2_ls_high-posterior,decoy-heavy,high-posterior,function-head,R0,,,0.3676,,,,,,0.1003,0.9509,True,2,4204928,16921,manifest.decoy_entries,False,0,ok
gcc_coreutils_64_O2_ls_high-posterior,decoy-heavy,high-posterior,instruction-start,R2,124388,18335,0.13603402257452488,0.12256264182292773,0.02598799629879307,0.24663473188942422,0.05546997979475346,0.9228797382056176,0.03329424957700855,0.9589463533993751,True,2,4204928,16921,manifest.decoy_entries,False,0,ok
gcc_coreutils_64_O2_ls_high-posterior,decoy-heavy,high-posterior,function-head,R2,,,0.3676,,,,,,0.1003,0.9509,True,2,4204928,16921,manifest.decoy_entries,False,0,ok
gcc_coreutils_64_O2_ls_high-posterior,decoy-heavy,high-posterior,instruction-start,R3,124388,18335,0.13603402257452488,0.12256264182292773,0.02598799629879307,0.24663473188942422,0.05546997979475346,0.9228797382056176,0.03329424957700855,0.9589463533993751,True,2,4204928,16921,manifest.decoy_entries,True,0,ok
gcc_coreutils_64_O2_ls_high-posterior,decoy-heavy,high-posterior,function-head,R3,,,0.3676,,,,,,0.1003,0.9509,True,2,4204928,16921,manifest.decoy_entries,True,0,ok
gcc_coreutils_64_O2_ls_high-posterior,decoy-heavy,high-posterior,instruction-start,R4,124388,18335,0.13603402257452488,0.11832346690551351,0.02502024266295566,0.2172701248007648,0.04869097343856742,0.9228797382056176,0.03381983837378719,0.9592534516282176,True,2,4204928,16921,manifest.decoy_entries,True,122,ok
gcc_coreutils_64_O2_ls_high-posterior,decoy-heavy,high-posterior,function-head,R4,,,0.3676,,,,,,0.1304,0.9791,True,2,4204928,16921,manifest.decoy_entries,True,122,ok
gcc_coreutils_64_O2_ls_high-posterior,decoy-heavy,high-posterior,instruction-start,R5,124388,18335,0.13603402257452488,0.11485067188908445,0.024205192461296217,0.19353004779688376,0.04312301391587725,0.9228797382056176,0.03419272373639866,0.959617195379667,True,2,4204928,16921,manifest.decoy_entries,True,244,ok
gcc_coreutils_64_O2_ls_high-posterior,decoy-heavy,high-posterior,function-head,R5,,,0.3676,,,,,,0.1478,1.0,True,2,4204928,16921,manifest.decoy_entries,True,244,ok
gcc_coreutils_64_O2_ls_interleaved,decoy-heavy,interleaved,instruction-start,R0,119505,18091,0.14159240199154846,0.19094287836196863,0.039638053985169903,0.4542016704269711,0.0971259594513481,0.9353269581559892,0.10195434800638473,0.9095291940288707,True,2,4204928,16921,manifest.decoy_entries,False,0,ok
gcc_coreutils_64_O2_ls_interleaved,decoy-heavy,interleaved,instruction-start,R1,119505,,0.1416,,,,,,0.1027,0.7017,True,2,4204928,16921,manifest.decoy_entries,False,0,ok
gcc_coreutils_64_O2_ls_interleaved,decoy-heavy,interleaved,function-head,R0,,,0.0136,,,,,,0.338,0.7567,True,2,4204928,16921,manifest.decoy_entries,False,0,ok
gcc_coreutils_64_O2_ls_interleaved,decoy-heavy,interleaved,instruction-start,R2,119505,18091,0.14159240199154846,0.22263441175998502,0.05502203358567883,0.6151500298570453,0.16693165824535827,0.9353269581559892,0.066052398446425,0.9168226958423703,True,2,4204928,16921,manifest.decoy_entries,False,0,ok
gcc_coreutils_64_O2_ls_interleaved,decoy-heavy,interleaved,function-head,R2,,,0.0136,,,,,,0.338,0.7567,True,2,4204928,16921,manifest.decoy_entries,False,0,ok
gcc_coreutils_64_O2_ls_interleaved,decoy-heavy,interleaved,instruction-start,R3,119505,18091,0.14159240199154846,0.22258359502663463,0.05500083228626265,0.6149618449662879,0.16686273251965558,0.9353269581559892,0.06605686404445603,0.9168348770898105,True,2,4204928,16921,manifest.decoy_entries,True,0,ok
gcc_coreutils_64_O2_ls_interleaved,decoy-heavy,interleaved,function-head,R3,,,0.0136,,,,,,0.338,0.7567,True,2,4204928,16921,manifest.decoy_entries,True,0,ok
gcc_coreutils_64_O2_ls_interleaved,decoy-heavy,interleaved,instruction-start,R4,119505,18091,0.14159240199154846,0.22263441175998502,0.05502203358567883,0.6151500298570453,0.16693165824535827,0.9353269581559892,0.066052398446425,0.9168226958423703,True,2,4204928,16921,manifest.decoy_entries,True,50,ok
gcc_coreutils_64_O2_ls_interleaved,decoy-heavy,interleaved,function-head,R4,,,0.0136,,,,,,0.3404,0.8923,True,2,4204928,16921,manifest.decoy_entries,True,50,ok
gcc_coreutils_64_O2_ls_interleaved,decoy-heavy,interleaved,instruction-start,R5,119505,18091,0.14159240199154846,0.22258359502663463,0.05500083228626265,0.6149618449662879,0.16686273251965558,0.9353269581559892,0.06605686404445603,0.9168348770898105,True,2,4204928,16921,manifest.decoy_entries,True,99,ok
gcc_coreutils_64_O2_ls_interleaved,decoy-heavy,interleaved,function-head,R5,,,0.0136,,,,,,0.3413,0.9375,True,2,4204928,16921,manifest.decoy_entries,True,99,ok
gcc_coreutils_64_O2_ls_mixed,decoy-heavy,mixed,instruction-start,R0,123824,18206,0.1366536374208554,0.1543091641584251,0.030274165637450036,0.409990746126886,0.08307161242099377,0.9294188728990442,0.10637947178340537,0.9232828000163102,True,2,4204928,16921,manifest.decoy_entries,False,0,ok
gcc_coreutils_64_O2_ls_mixed,decoy-heavy,mixed,instruction-start,R1,123824,,0.1367,,,,,,0.0543,0.8008,True,2,4204928,16921,manifest.decoy_entries,False,0,ok
gcc_coreutils_64_O2_ls_mixed,decoy-heavy,mixed,function-head,R0,,,0.1559,,,,,,0.1634,0.9484,True,2,4204928,16921,manifest.decoy_entries,False,0,ok
gcc_coreutils_64_O2_ls_mixed,decoy-heavy,mixed,instruction-start,R2,123824,18206,0.1366536374208554,0.13051271851751003,0.027682602192065045,0.28045778065730614,0.06448143509144584,0.9294188728990442,0.03803163737378516,0.9556311735091295,True,2,4204928,16921,manifest.decoy_entries,False,0,ok
gcc_coreutils_64_O2_ls_mixed,decoy-heavy,mixed,function-head,R2,,,0.1559,,,,,,0.1634,0.9484,True,2,4204928,16921,manifest.decoy_entries,False,0,ok
gcc_coreutils_64_O2_ls_mixed,decoy-heavy,mixed,instruction-start,R3,123824,18206,0.1366536374208554,0.13051271851751003,0.027682602192065045,0.28045778065730614,0.06448143509144584,0.9294188728990442,0.03803163737378516,0.9556311735091295,True,2,4204928,16921,manifest.decoy_entries,True,0,ok
gcc_coreutils_64_O2_ls_mixed,decoy-heavy,mixed,function-head,R3,,,0.1559,,,,,,0.1634,0.9484,True,2,4204928,16921,manifest.decoy_entries,True,0,ok
gcc_coreutils_64_O2_ls_mixed,decoy-heavy,mixed,instruction-start,R4,123824,18206,0.1366536374208554,0.12452981094639283,0.026407673866675013,0.23529751166525478,0.05366436284420561,0.9294188728990442,0.039305056999825866,0.9563129735748968,True,2,4204928,16921,manifest.decoy_entries,True,122,ok
gcc_coreutils_64_O2_ls_mixed,decoy-heavy,mixed,function-head,R4,,,0.1559,,,,,,0.1762,0.9791,True,2,4204928,16921,manifest.decoy_entries,True,122,ok
gcc_coreutils_64_O2_ls_mixed,decoy-heavy,mixed,instruction-start,R5,123824,18206,0.1366536374208554,0.1098923740129055,0.021670181415907663,0.17758978068367115,0.036791560913184605,0.9294188728990442,0.03436903553718891,0.9580960836983128,True,2,4204928,16921,manifest.decoy_entries,True,244,ok
gcc_coreutils_64_O2_ls_mixed,decoy-heavy,mixed,function-head,R5,,,0.1559,,,,,,0.1837,1.0,True,2,4204928,16921,manifest.decoy_entries,True,244,ok
gcc_coreutils_64_O2_ls_self-anchoring,decoy-heavy,self-anchoring,instruction-start,R0,123819,18142,0.13665915570308274,0.15404854797319698,0.030200068499758592,0.41249695439760725,0.08340464689187484,0.9326976077609965,0.10645908720332414,0.9192036247291411,True,2,4204928,16921,manifest.decoy_entries,False,0,ok
gcc_coreutils_64_O2_ls_self-anchoring,decoy-heavy,self-anchoring,instruction-start,R1,123819,,0.1367,,,,,,0.0583,0.7909,True,2,4204928,16921,manifest.decoy_entries,False,0,ok
gcc_coreutils_64_O2_ls_self-anchoring,decoy-heavy,self-anchoring,function-head,R0,,,0.0756,,,,,,0.1744,0.9536,True,2,4204928,16921,manifest.decoy_entries,False,0,ok
gcc_coreutils_64_O2_ls_self-anchoring,decoy-heavy,self-anchoring,instruction-start,R2,123819,18142,0.13665915570308274,0.15771706763166146,0.033364875553247235,0.4397762262412509,0.09655498467150005,0.9326976077609965,0.03871000242380238,0.9533036766536803,True,2,4204928,16921,manifest.decoy_entries,False,0,ok
gcc_coreutils_64_O2_ls_self-anchoring,decoy-heavy,self-anchoring,function-head,R2,,,0.0756,,,,,,0.1744,0.9536,True,2,4204928,16921,manifest.decoy_entries,False,0,ok
gcc_coreutils_64_O2_ls_self-anchoring,decoy-heavy,self-anchoring,instruction-start,R3,123819,18142,0.13665915570308274,0.15771706763166146,0.033364875553247235,0.4397762262412509,0.09655498467150005,0.9326976077609965,0.03871000242380238,0.9533036766536803,True,2,4204928,16921,manifest.decoy_entries,True,0,ok
gcc_coreutils_64_O2_ls_self-anchoring,decoy-heavy,self-anchoring,function-head,R3,,,0.0756,,,,,,0.1744,0.9536,True,2,4204928,16921,manifest.decoy_entries,True,0,ok
gcc_coreutils_64_O2_ls_self-anchoring,decoy-heavy,self-anchoring,instruction-start,R4,123819,18142,0.13665915570308274,0.15987461554512336,0.03397028176159638,0.4542217253478323,0.09919880802286533,0.9326976077609965,0.04316374583729344,0.9538325534575903,True,2,4204928,16921,manifest.decoy_entries,True,122,ok
gcc_coreutils_64_O2_ls_self-anchoring,decoy-heavy,self-anchoring,function-head,R4,,,0.0756,,,,,,0.1806,0.9819,True,2,4204928,16921,manifest.decoy_entries,True,122,ok
gcc_coreutils_64_O2_ls_self-anchoring,decoy-heavy,self-anchoring,instruction-start,R5,123819,18142,0.13665915570308274,0.10723517564180254,0.01836867826358596,0.27595503849040515,0.0478788113882437,0.9326976077609965,0.04002635147855688,0.9557662922785367,True,2,4204928,16921,manifest.decoy_entries,True,244,ok
gcc_coreutils_64_O2_ls_self-anchoring,decoy-heavy,self-anchoring,function-head,R5,,,0.0756,,,,,,0.1841,1.0,True,2,4204928,16921,manifest.decoy_entries,True,244,ok
desync_coreutils_64_O0_[,desync,desync,instruction-start,R0,161219,,0.2766795476959912,0.24192485321677945,0.06497451333967269,,,,0.21170503435631846,0.9625977012011596,True,3,8192,44606,none,False,0,ok
desync_coreutils_64_O0_[,desync,desync,instruction-start,R1,161219,,0.2767,,,,,,0.1246,0.8463,True,3,8192,44606,none,False,0,ok
desync_coreutils_64_O0_[,desync,desync,instruction-start,R2,161219,,0.2766795476959912,0.24418587943241404,0.0745288662990544,,,,0.06467206181834856,0.9639044819822479,True,3,8192,44606,none,False,0,ok
desync_coreutils_64_O0_[,desync,desync,instruction-start,R3,161219,,0.2766795476959912,0.28161457758740666,0.0963074978925291,,,,0.06361937844702353,0.9690151545139438,True,3,8192,44606,none,True,0,ok
desync_coreutils_64_O0_b2sum,desync,desync,instruction-start,R0,112367,,0.2915357711783709,0.2047846272459893,0.04865341114803691,,,,0.24288236003033395,0.9632404272172695,True,3,8192,32759,none,False,0,ok
desync_coreutils_64_O0_b2sum,desync,desync,instruction-start,R1,112367,,0.2915,,,,,,0.1515,0.9217,True,3,8192,32759,none,False,0,ok
desync_coreutils_64_O0_b2sum,desync,desync,instruction-start,R2,112367,,0.2915357711783709,0.26253001234518003,0.080561336439765,,,,0.052181276566057345,0.9645818570567195,True,3,8192,32759,none,False,0,ok
desync_coreutils_64_O0_b2sum,desync,desync,instruction-start,R3,112367,,0.2915357711783709,0.2925845088422553,0.09654404519743254,,,,0.04716198260455701,0.9646267502529543,True,3,8192,32759,none,True,0,ok
desync_coreutils_64_O0_base32,desync,desync,instruction-start,R0,54652,,0.29437166068945325,0.26599572648620107,0.07309934893019636,,,,0.2212723117592569,0.9600151450885909,True,3,8192,16088,none,False,0,ok
desync_coreutils_64_O0_base32,desync,desync,instruction-start,R1,54652,,0.2944,,,,,,0.105,0.879,True,3,8192,16088,none,False,0,ok
desync_coreutils_64_O0_base32,desync,desync,instruction-start,R2,54652,,0.29437166068945325,0.23192677929643818,0.06263259878239737,,,,0.17767259664545934,0.9619987476435873,True,3,8192,16088,none,False,0,ok
desync_coreutils_64_O0_base32,desync,desync,instruction-start,R3,54652,,0.29437166068945325,0.3351285912949779,0.12439150943777666,,,,0.16998015125167312,0.9628152331428259,True,3,8192,16088,none,True,0,ok
desync_coreutils_64_O0_base64,desync,desync,instruction-start,R0,53160,,0.293359668924003,0.26421676713969494,0.07260861332095077,,,,0.2207510556030522,0.9603280563556246,True,3,8192,15595,none,False,0,ok
desync_coreutils_64_O0_base64,desync,desync,instruction-start,R1,53160,,0.2934,,,,,,0.1086,0.8739,True,3,8192,15595,none,False,0,ok
desync_coreutils_64_O0_base64,desync,desync,instruction-start,R2,53160,,0.293359668924003,0.23125027967446513,0.06244817480473514,,,,0.09355454298330532,0.9622299925400226,True,3,8192,15595,none,False,0,ok
desync_coreutils_64_O0_base64,desync,desync,instruction-start,R3,53160,,0.293359668924003,0.3417758190112468,0.13306277228163577,,,,0.1602968966423664,0.9628462948074998,True,3,8192,15595,none,True,0,ok
desync_coreutils_64_O0_basename,desync,desync,instruction-start,R0,38692,,0.2944277886901685,0.29356675715300273,0.08758373064132005,,,,0.20684405804884848,0.9586440230532576,True,3,8192,11392,none,False,0,ok
desync_coreutils_64_O0_basename,desync,desync,instruction-start,R1,38692,,0.2944,,,,,,0.1181,0.8555,True,3,8192,11392,none,False,0,ok
desync_coreutils_64_O0_basename,desync,desync,instruction-start,R2,38692,,0.2944277886901685,0.24500610723193145,0.07110426336520821,,,,0.07991616586775366,0.9611234508118286,True,3,8192,11392,none,False,0,ok
desync_coreutils_64_O0_basename,desync,desync,instruction-start,R3,38692,,0.2944277886901685,0.3532926698407086,0.1538373908148093,,,,0.14059039787535585,0.962625689063979,True,3,8192,11392,none,True,0,ok
desync_coreutils_64_O0_basenc,desync,desync,instruction-start,R0,72849,,0.2945544894233277,0.281465644090033,0.08068770038259693,,,,0.2199938728899331,0.9593906546804246,True,3,8192,21458,none,False,0,ok
desync_coreutils_64_O0_basenc,desync,desync,instruction-start,R1,72849,,0.2946,,,,,,0.1193,0.8482,True,3,8192,21458,none,False,0,ok
desync_coreutils_64_O0_basenc,desync,desync,instruction-start,R2,72849,,0.2945544894233277,0.25225135980165436,0.07631777109578558,,,,0.05213489741551945,0.9612061840292775,True,3,8192,21458,none,False,0,ok
desync_coreutils_64_O0_basenc,desync,desync,instruction-start,R3,72849,,0.2945544894233277,0.3556973996383502,0.17273758828160343,,,,0.12227471426535921,0.9615793576563368,True,3,8192,21458,none,True,0,ok
desync_coreutils_64_O0_cat,desync,desync,instruction-start,R0,48625,,0.29211311053984573,0.2658730441005075,0.07398739047391616,,,,0.22343559149484082,0.9610896789763533,True,3,8192,14204,none,False,0,ok
desync_coreutils_64_O0_cat,desync,desync,instruction-start,R1,48625,,0.2921,,,,,,0.1057,0.8742,True,3,8192,14204,none,False,0,ok
desync_coreutils_64_O0_cat,desync,desync,instruction-start,R2,48625,,0.29211311053984573,0.26521294783035293,0.08141425399649412,,,,0.08035455649199667,0.9623172725556203,True,3,8192,14204,none,False,0,ok
desync_coreutils_64_O0_cat,desync,desync,instruction-start,R3,48625,,0.29211311053984573,0.3420719169058181,0.1438347322829623,,,,0.14827837825687612,0.9638845319249231,True,3,8192,14204,none,True,0,ok
desync_coreutils_64_O0_chcon,desync,desync,instruction-start,R0,101544,,0.2917454502481683,0.23742895543800727,0.06135317301917439,,,,0.23039227722899389,0.9603005293754349,True,3,8192,29625,none,False,0,ok
desync_coreutils_64_O0_chcon,desync,desync,instruction-start,R1,101544,,0.2917,,,,,,0.1028,0.8861,True,3,8192,29625,none,False,0,ok
desync_coreutils_64_O0_chcon,desync,desync,instruction-start,R2,101544,,0.2917454502481683,0.19732275237488628,0.04827525526801124,,,,0.17118625895241324,0.9620796213367793,True,3,8192,29625,none,False,0,ok
desync_coreutils_64_O0_chcon,desync,desync,instruction-start,R3,101544,,0.2917454502481683,0.19902549773002476,0.04895056230889539,,,,0.16124403313741045,0.9617378221385134,True,3,8192,29625,none,True,0,ok
desync_coreutils_64_O0_chgrp,desync,desync,instruction-start,R0,97844,,0.29238379461183106,0.2428252140032202,0.06384666508278006,,,,0.22853712952905103,0.9629362403586579,True,3,8192,28608,none,False,0,ok
desync_coreutils_64_O0_chgrp,desync,desync,instruction-start,R1,97844,,0.2924,,,,,,0.098,0.8894,True,3,8192,28608,none,False,0,ok
desync_coreutils_64_O0_chgrp,desync,desync,instruction-start,R2,97844,,0.29238379461183106,0.22051547525028287,0.05841267806887013,,,,0.08951706698127324,0.9647040332268048,True,3,8192,28608,none,False,0,ok
desync_coreutils_64_O0_chgrp,desync,desync,instruction-start,R3,97844,,0.29238379461183106,0.3300461965153599,0.1268185718652309,,,,0.16556522274658894,0.965041840730075,True,3,8192,28608,none,True,0,ok
desync_coreutils_64_O0_chmod,desync,desync,instruction-start,R0,95374,,0.29310923312433157,0.23937263592776897,0.06225727205580701,,,,0.2308519610685246,0.9627922472964497,True,3,8192,27955,none,False,0,ok
desync_coreutils_64_O0_chmod,desync,desync,instruction-start,R1,95374,,0.2931,,,,,,0.1082,0.8946,True,3,8192,27955,none,False,0,ok
desync_coreutils_64_O0_chmod,desync,desync,instruction-start,R2,95374,,0.29310923312433157,0.2302087155135484,0.06537200321673464,,,,0.07084797962575622,0.9644625744564523,True,3,8192,27955,none,False,0,ok
desync_coreutils_64_O0_chmod,desync,desync,instruction-start,R3,95374,,0.29310923312433157,0.21498569097254563,0.056832196633920605,,,,0.14030635078702483,0.9641238655753015,True,3,8192,27955,none,True,0,ok
desync_coreutils_64_O0_chown,desync,desync,instruction-start,R0,100562,,0.29163103359121734,0.24194636117617038,0.06318682229622766,,,,0.2284442112949897,0.9621545379556324,True,3,8192,29327,none,False,0,ok
desync_coreutils_64_O0_chown,desync,desync,instruction-start,R1,100562,,0.2916,,,,,,0.0976,0.891,True,3,8192,29327,none,False,0,ok
desync_coreutils_64_O0_chown,desync,desync,instruction-start,R2,100562,,0.29163103359121734,0.22378369598116882,0.06034118252045209,,,,0.11804112375666183,0.9636056636388421,True,3,8192,29327,none,False,0,ok
desync_coreutils_64_O0_chown,desync,desync,instruction-start,R3,100562,,0.29163103359121734,0.3250567644967725,0.12051395246515546,,,,0.17111708112605462,0.9643102777155682,True,3,8192,29327,none,True,0,ok
desync_coreutils_64_O0_chroot,desync,desync,instruction-start,R0,55162,,0.29246582792502085,0.2765472712615909,0.0782429337716648,,,,0.21944897040389502,0.9595307171592262,True,3,8192,16133,none,False,0,ok
desync_coreutils_64_O0_chroot,desync,desync,instruction-start,R1,55162,,0.2925,,,,,,0.1102,0.8677,True,3,8192,16133,none,False,0,ok
desync_coreutils_64_O0_chroot,desync,desync,instruction-start,R2,55162,,0.29246582792502085,0.22612940615761393,0.05946146163616279,,,,0.16554850899582424,0.9619618260166934,True,3,8192,16133,none,False,0,ok
desync_coreutils_64_O0_chroot,desync,desync,instruction-start,R3,55162,,0.29246582792502085,0.2821232728449514,0.08266988640612068,,,,0.20979594151890152,0.9623776466795364,True,3,8192,16133,none,True,0,ok
desync_coreutils_64_O0_cksum,desync,desync,instruction-start,R0,270060,,0.2929830408057469,0.17888580201832927,0.040195744889968445,,,,0.2527872959157784,0.9683444729895584,True,3,12288,79123,none,False,0,ok
desync_coreutils_64_O0_cksum,desync,desync,instruction-start,R1,270060,,0.293,,,,,,0.0794,0.9293,True,3,12288,79123,none,False,0,ok
desync_coreutils_64_O0_cksum,desync,desync,instruction-start,R2,270060,,0.2929830408057469,0.272614879858898,0.08231681514635467,,,,0.09261406690743539,0.970215380854072,True,3,12288,79123,none,False,0,ok
desync_coreutils_64_O0_cksum,desync,desync,instruction-start,R3,270060,,0.2929830408057469,0.3244304677919501,0.12905368346542387,,,,0.16392935734032732,0.9706014775487148,True,3,12288,79123,none,True,0,ok
desync_coreutils_64_O0_comm,desync,desync,instruction-start,R0,54560,,0.2900293255131965,0.24902952530598452,0.06626339793647111,,,,0.2237659275767254,0.9592123741356804,True,3,8192,15824,none,False,0,ok
desync_coreutils_64_O0_comm,desync,desync,instruction-start,R1,54560,,0.29,,,,,,0.1025,0.8803,True,3,8192,15824,none,False,0,ok
desync_coreutils_64_O0_comm,desync,desync,instruction-start,R2,54560,,0.2900293255131965,0.20668634153128837,0.051989338996626826,,,,0.18413602757228745,0.9611149304563645,True,3,8192,15824,none,False,0,ok
desync_coreutils_64_O0_comm,desync,desync,instruction-start,R3,54560,,0.2900293255131965,0.2567364109549683,0.07047613154492276,,,,0.21955319396827438,0.9623089412140005,True,3,8192,15824,none,True,0,ok
desync_coreutils_64_O0_cp,desync,desync,instruction-start,R0,179308,,0.28543065563165054,0.2106401600433487,0.05128230187229752,,,,0.23414835375935306,0.9635036716165819,True,3,12288,51180,none,False,0,ok
desync_coreutils_64_O0_cp,desync,desync,instruction-start,R1,179308,,0.2854,,,,,,0.094,0.9035,True,3,12288,51180,none,False,0,ok
desync_coreutils_64_O0_cp,desync,desync,instruction-start,R2,179308,,0.28543065563165054,0.17759638763050792,0.041122089110748994,,,,0.17689383878981324,0.9649106504055489,True,3,12288,51180,none,False,0,ok
desync_coreutils_64_O0_cp,desync,desync,instruction-start,R3,179308,,0.28543065563165054,0.1757973896489453,0.040415570815945004,,,,0.18814087953766284,0.9646781697597293,True,3,12288,51180,none,True,0,ok
desync_coreutils_64_O0_csplit,desync,desync,instruction-start,R0,71967,,0.29039698750816345,0.2535604746601559,0.06834935928892895,,,,0.22204762821923454,0.96017484353249,True,3,8192,20899,none,False,0,ok
desync_coreutils_64_O0_csplit,desync,desync,instruction-start,R1,71967,,0.2904,,,,,,0.1063,0.8748,True,3,8192,20899,none,False,0,ok
desync_coreutils_64_O0_csplit,desync,desync,instruction-start,R2,71967,,0.29039698750816345,0.23173101167286705,0.0627808490374991,,,,0.11079519703868353,0.9614438296676703,True,3,8192,20899,none,False,0,ok
desync_coreutils_64_O0_csplit,desync,desync,instruction-start,R3,71967,,0.29039698750816345,0.32115311621429554,0.11589713659775516,,,,0.17449985091039907,0.9639587435770197,True,3,8192,20899,none,True,0,ok
desync_coreutils_64_O0_cut,desync,desync,instruction-start,R0,55767,,0.29051231014757833,0.272135483206579,0.07685522010166206,,,,0.2184459545367536,0.9614324931088384,True,3,8192,16201,none,False,0,ok
desync_coreutils_64_O0_cut,desync,desync,instruction-start,R1,55767,,0.2905,,,,,,0.1171,0.8497,True,3,8192,16201,none,False,0,ok
desync_coreutils_64_O0_cut,desync,desync,instruction-start,R2,55767,,0.29051231014757833,0.2669271703616997,0.08250556487760367,,,,0.07705977239833257,0.9627671893647707,True,3,8192,16201,none,False,0,ok
desync_coreutils_64_O0_cut,desync,desync,instruction-start,R3,55767,,0.29051231014757833,0.34792334310518797,0.16958784718902414,,,,0.12049811898799159,0.9641407298632793,True,3,8192,16201,none,True,0,ok
desync_coreutils_64_O0_date,desync,desync,instruction-start,R0,249597,,0.2736971998862166,0.2517545126783018,0.06900325055634915,,,,0.20469394932986745,0.9637161794970007,True,3,12288,68314,none,False,0,ok
desync_coreutils_64_O0_date,desync,desync,instruction-start,R1,249597,,0.2737,,,,,,0.1265,0.8238,True,3,12288,68314,none,False,0,ok
desync_coreutils_64_O0_date,desync,desync,instruction-start,R2,249597,,0.2736971998862166,0.22836912244498872,0.06373328081660215,,,,0.08065822249283211,0.9656559681616473,True,3,12288,68314,none,False,0,ok
desync_coreutils_64_O0_date,desync,desync,instruction-start,R3,249597,,0.2736971998862166,0.3031642882060686,0.10479771777088531,,,,0.1688994821153426,0.9694189827042723,True,3,12288,68314,none,True,0,ok
desync_coreutils_64_O0_dd,desync,desync,instruction-start,R0,192362,,0.2767438475374554,0.23184628962468343,0.06066577780934128,,,,0.21607806972811414,0.9625594904609485,True,3,8192,53235,none,False,0,ok
desync_coreutils_64_O0_dd,desync,desync,instruction-start,R1,192362,,0.2767,,,,,,0.1148,0.8596,True,3,8192,53235,none,False,0,ok
desync_coreutils_64_O0_dd,desync,desync,instruction-start,R2,192362,,0.2767438475374554,0.26032736333015244,0.09173931048943211,,,,0.06334817719250455,0.9639755449411376,True,3,8192,53235,none,False,0,ok
desync_coreutils_64_O0_dd,desync,desync,instruction-start,R3,192362,,0.2767438475374554,0.326281383679679,0.15408845074785824,,,,0.12265539678958579,0.9674690746194867,True,3,8192,53235,none,True,0,ok
desync_coreutils_64_O0_df,desync,desync,instruction-start,R0,230756,,0.27800793912184296,0.2301548379942574,0.05985264912534895,,,,0.21815528999649403,0.9637215618886393,True,3,12288,64152,none,False,0,ok
desync_coreutils_64_O0_df,desync,desync,instruction-start,R1,230756,,0.278,,,,,,0.104,0.8726,True,3,12288,64152,none,False,0,ok
desync_coreutils_64_O0_df,desync,desync,instruction-start,R2,230756,,0.27800793912184296,0.19749728869174102,0.049755318788754825,,,,0.1742865262770338,0.9650658289305032,True,3,12288,64152,none,False,0,ok
desync_coreutils_64_O0_df,desync,desync,instruction-start,R3,230756,,0.27800793912184296,0.2339617144896849,0.063147076797236,,,,0.21486086232459775,0.9680559378261131,True,3,12288,64152,none,True,0,ok
